COMMAND: cargo test --locked -p fe2o3-host -p fe2o3-kernel-analysis -p fe2o3-kfd -p fe2o3-runtime -p fe2o3-verifier --lib
warning: /dev/shm/fe2o3-safe-launch230-20260917-QBQoVnWw/source/crates/rustc-codegen-fe2o3/tests/fixtures/local-marker/Cargo.toml: file `/dev/shm/fe2o3-safe-launch230-20260917-QBQoVnWw/source/crates/rustc-codegen-fe2o3/tests/fixtures/local-marker/src/main.rs` found to be present in multiple build targets:
  * `lib` target `fe2o3_trusted_item_local_marker`
  * `bin` target `fe2o3-trusted-item-local-marker`
   Compiling fe2o3-kernel-analysis v0.1.0 (/dev/shm/fe2o3-safe-launch230-20260917-QBQoVnWw/source/crates/fe2o3-kernel-analysis)
   Compiling fe2o3-pliron v0.1.0 (/dev/shm/fe2o3-safe-launch230-20260917-QBQoVnWw/source/crates/fe2o3-pliron)
   Compiling fe2o3-kernel-opt v0.1.0 (/dev/shm/fe2o3-safe-launch230-20260917-QBQoVnWw/source/crates/fe2o3-kernel-opt)
   Compiling fe2o3-amdgcn-model v0.1.0 (/dev/shm/fe2o3-safe-launch230-20260917-QBQoVnWw/source/crates/fe2o3-amdgcn-model)
   Compiling dialect-amdgcn v0.1.0 (/dev/shm/fe2o3-safe-launch230-20260917-QBQoVnWw/source/crates/dialect-amdgcn)
   Compiling fe2o3-lower-mir-kernel v0.1.0 (/dev/shm/fe2o3-safe-launch230-20260917-QBQoVnWw/source/crates/fe2o3-lower-mir-kernel)
   Compiling fe2o3-hsaco-finalize v0.1.0 (/dev/shm/fe2o3-safe-launch230-20260917-QBQoVnWw/source/crates/fe2o3-hsaco-finalize)
   Compiling fe2o3-runtime-protocol v0.1.0 (/dev/shm/fe2o3-safe-launch230-20260917-QBQoVnWw/source/crates/fe2o3-runtime-protocol)
   Compiling fe2o3-verifier v0.1.0 (/dev/shm/fe2o3-safe-launch230-20260917-QBQoVnWw/source/crates/fe2o3-verifier)
   Compiling fe2o3-host v0.1.0 (/dev/shm/fe2o3-safe-launch230-20260917-QBQoVnWw/source/crates/fe2o3-host)
    Finished `test` profile [unoptimized] target(s) in 3m 02s
     Running unittests src/lib.rs (/dev/shm/fe2o3-safe-launch230-20260917-QBQoVnWw/target/debug/deps/fe2o3_host-2596720ac36a1c9c)

running 93 tests
test application_descriptor_handoff::static_identity_tests::child_handoff_scan_accepts_exact_entry_bound_and_rejects_limit_plus_one ... ok
test application_descriptor_handoff::static_identity_tests::host_test_identity_uses_the_shared_static_application_domain ... ok
test application_descriptor_handoff::tests::worker_v3_commitment_rejects_envelope_substitution ... ok
test application_descriptor_handoff::tests::worker_v3_envelope_name_requires_exact_lowercase_digest ... ok
test application_descriptor_handoff::tests::worker_v3_environment_wire_requires_bounded_lowercase_canonical_hex ... ok
test application_descriptor_handoff::tests::worker_v3_occurrence_rejects_application_and_descriptor_substitution ... ok
test authenticated_service_queue::tests::authenticated_bounded_wait_has_the_public_custody_preserving_signature ... ok
test authenticated_service_queue::tests::authenticated_caller_owned_readback_has_the_public_custody_preserving_signature ... ok
test authenticated_service_queue::tests::authenticated_partition_removal_rejection_retains_exact_queue_and_programs ... ok
test authenticated_service_queue::tests::authenticated_partition_removal_success_preserves_program_custody ... ok
test authenticated_service_queue::tests::authenticated_partition_removal_terminal_route_quarantines_exact_custody ... ok
test authenticated_service_queue::tests::authenticated_wait_failure_preserves_every_program_owner ... ok
test authenticated_service_queue::tests::authenticated_wait_success_preserves_every_program_owner ... ok
test authenticated_service_queue::tests::heterogeneous_program_summary_rejects_duplicates_targets_and_native_overflow ... ok
test authenticated_service_queue::tests::release_failure_retains_every_program_owner_with_the_exact_error ... ok
test authenticated_service_queue::tests::release_success_returns_every_program_owner_in_history_order ... ok
test authenticated_service_queue::tests::retained_currentness_ignores_older_stale_history_but_rejects_stale_newest ... ok
test authenticated_service_queue::tests::retained_program_selection_restores_exact_history_order ... ok
test authenticated_service_queue::tests::seven_heterogeneous_rosters_can_supply_twelve_unique_programs ... ok
test authenticated_service_queue::tests::superseded_retired_owners_do_not_block_current_active_reuse ... ok
test compiler_execution_current_record_audit::tests::canonical_current_record_bridge_admits_exact_evidence_without_authority ... ok
test compiler_execution_current_record_audit::tests::canonical_current_record_bridge_rejects_challenge_policy_subject_and_carriage_mismatch ... ok
test compiler_execution_current_record_audit::tests::canonical_current_record_bridge_rejects_ledger_and_rollback_substitution ... ok
test compiler_execution_current_record_audit::tests::canonical_current_record_bridge_rejects_stale_external_currentness ... ok
test compiler_execution_current_record_audit::tests::generated_challenge_current_record_is_owned_once_without_authority ... ok
test compiler_execution_current_record_audit::tests::issuer_and_anchor_policy_substitutions_fail_before_send_and_consume_once ... ok
test compiler_execution_current_record_audit::tests::move_only_current_record_join_rejects_subject_and_carriage_substitution ... ok
test compiler_execution_current_record_audit::tests::signed_current_record_is_owned_once_without_authority ... ok
test compiler_execution_current_record_audit::tests::subject_substitution_and_closed_service_fail_closed_and_consume_once ... ok
test compiler_generated_contract::tests::general_v3_semantic_witness_is_exact_and_identity_bound ... ok
test compiler_generated_contract::tests::general_v3_semantic_witness_rejects_malformed_and_substituted_payloads ... ok
test compiler_generated_contract::tests::generated_expectation_roster_preserves_marker_order_and_identity ... ok
test compiler_generated_contract::tests::semantic_authority_requires_a_backend_witness ... ok
test generated_argument_plan::tests::access_mutability_and_address_space_must_match ... ok
test generated_argument_plan::tests::all_scalar_widths_pack_little_endian_and_zero_padding ... ok
test generated_argument_plan::tests::disjoint_mapping_brands_have_distinct_host_binding_identities ... ok
test generated_argument_plan::tests::exact_maximum_kernarg_size_is_packable_and_zero_initialized ... ok
test generated_argument_plan::tests::field_binding_prevents_relabeling_or_cross_kernel_reuse ... ok
test generated_argument_plan::tests::generated_fields_reject_reorder_and_overlap ... ok
test generated_argument_plan::tests::generated_layout_rejects_disjoint_metadata_on_a_shared_field ... ok
test generated_argument_plan::tests::generic_manifest_layout_derives_bound_physical_packing_order ... ok
test generated_argument_plan::tests::kind_scalar_width_and_slice_metadata_must_match ... ok
test generated_argument_plan::tests::missing_duplicate_and_out_of_range_inputs_are_rejected ... ok
test generated_argument_plan::tests::narrow_slice_values_and_nonempty_null_are_rejected ... ok
test generated_argument_plan::tests::reordered_inputs_are_deterministic_and_padding_never_leaks ... ok
test generated_argument_plan::tests::scalar_component_width_is_defensively_rechecked ... ok
test generated_argument_plan::tests::slices_pack_pointer_and_length_for_both_widths ... ok
test generated_argument_plan::tests::standalone_pointers_and_oversized_forged_plans_are_rejected ... ok
test generated_argument_plan::tests::total_size_and_bounds_are_checked ... ok
test generated_argument_plan::tests::two_v1_kernel_layouts_pack_shared_and_exclusive_slices_independently ... ok
test generated_argument_plan::tests::type_safe_scalar_binding_supports_exactly_the_v1_primitives ... ok
test generated_argument_plan::tests::type_size_and_alignment_must_match ... ok
test generated_argument_plan::tests::values_are_sealed_to_one_exact_validated_plan ... ok
test generated_argument_plan::tests::worker_v3_bridge_accepts_exact_shared_slice_layout ... ok
test generated_argument_plan::tests::worker_v3_bridge_accepts_only_the_compiler_retained_blocked_index_space ... ok
test generated_argument_plan::tests::worker_v3_bridge_rejects_argument_name_substitution ... ok
test generated_argument_plan::tests::worker_v3_bridge_rejects_same_width_element_substitution ... ok
test generated_argument_plan::tests::worker_v3_bridge_rejects_unrepresented_mapped_index_space ... ok
test generated_kfd_arguments::tests::empty_slices_use_null_placeholders_without_runtime_buffers ... ok
test generated_kfd_arguments::tests::mapped_read_write_binding_preserves_exact_identity_fixup_and_writeback ... ok
test generated_kfd_arguments::tests::mapped_write_only_binding_requires_the_exact_compiler_index_space ... ok
test generated_kfd_arguments::tests::packed_consistency_accepts_reordered_bindings_and_empty_arguments ... ok
test generated_kfd_arguments::tests::packed_consistency_checks_descriptor_vecadd_and_single_output_abis ... ok
test generated_kfd_arguments::tests::packed_consistency_checks_length_multiplication_and_empty_fixups ... ok
test generated_kfd_arguments::tests::packed_consistency_checks_scalar_and_slice_abi ... ok
test generated_kfd_arguments::tests::packed_consistency_checks_write_only_abi ... ok
test generated_kfd_arguments::tests::packed_consistency_does_not_discharge_cross_argument_access_bounds ... ok
test generated_kfd_arguments::tests::packed_consistency_rejects_storage_fixup_and_completion_substitution ... ok
test generated_kfd_arguments::tests::packing_is_address_free_and_binds_exact_buffers_and_fixups ... ok
test generated_kfd_arguments::tests::value_bytes_preserve_exact_little_endian_host_representation ... ok
test generated_kfd_arguments::tests::write_only_and_read_write_descriptor_disagreement_fails_closed ... ok
test generated_kfd_arguments::tests::write_only_binding_seeds_initialized_values_and_retains_completion_writeback ... ok
test generated_kfd_arguments::tests::write_only_completion_preserves_seed_on_no_store_and_failure_or_drop_exposes_nothing ... ok
test generated_kfd_arguments::tests::writeback_retains_and_updates_exact_typed_storage ... ok
test generated_kfd_invocation::tests::application_execution_identity_fails_closed_for_every_bound_coordinate ... ok
test generated_kfd_invocation::tests::direct_kfd_application_owner_retains_the_consumed_refinement_receipt ... ok
test generated_kfd_invocation::tests::generated_kfd_launch_checks_at_most_flat_limits_and_grid_overflow ... ok
test generated_kfd_invocation::tests::generated_kfd_launch_checks_descriptor_counts_in_aql_global_units ... ok
test generated_kfd_invocation::tests::generated_kfd_launch_checks_physical_workgroup_counts_on_each_axis ... ok
test generated_kfd_invocation::tests::generated_kfd_launch_checks_rank_and_exact_workgroup ... ok
test generated_kfd_invocation::tests::generated_kfd_launch_checks_static_and_dynamic_lds_for_a_second_workgroup ... ok
test generated_kfd_invocation::tests::qualification_custody_cannot_cross_the_production_execution_gate ... ok
test generated_kfd_invocation::tests::runtime_binding_requires_exact_artifact_length_and_kernel ... ok
test recovered_worker_v3_admission::tests::exact_roster_order_is_complete_and_identity_bound ... ok
test recovered_worker_v3_admission::tests::exact_roster_rejects_duplicate_missing_and_extra_entries ... ok
test recovered_worker_v3_admission::tests::physical_selection_rejects_missing_and_ambiguous_matches ... ok
test recovered_worker_v3_admission::tests::production_artifact_target_profile_is_exact_and_never_relabels ... ok
test worker_v3_verification_admission::tests::protected_application_provenance_rejects_synthetic_and_failed_currentness ... ok
test worker_v3_verification_admission::tests::refinement_evidence_requires_owned_nonempty_artifacts_and_producer_identities ... ok
test worker_v3_verification_admission::tests::required_worker_v3_properties_are_explicit_and_complete ... ok
test worker_v3_verification_admission::tests::semantic_machine_refinement_receipt_admits_only_exact_host_coordinates ... ok
test worker_v3_verification_admission::tests::semantic_machine_refinement_rejects_every_host_coordinate_substitution ... ok
test worker_v3_verification_admission::tests::semantic_machine_refinement_rejects_internal_evidence_substitution ... ok

test result: ok. 93 passed; 0 failed; 0 ignored; 0 measured; 0 filtered out; finished in 2.91s

     Running unittests src/lib.rs (/dev/shm/fe2o3-safe-launch230-20260917-QBQoVnWw/target/debug/deps/fe2o3_kernel_analysis-17c944856ab313ec)

running 186 tests
test authenticated_machine_effect::platform::tests::cleanup_wait_is_monotonic_bounded_and_handles_interrupts ... ok
test authenticated_machine_effect::platform::tests::mapping_identity_binds_every_instance_field ... ok
test authenticated_machine_effect::platform::tests::pidfd_identity_mismatch_fails_closed_and_reaps_session ... ok
test authenticated_machine_effect::platform::tests::pidfd_open_failure_preserves_error_and_reaps_session ... ok
test authenticated_machine_effect::platform::tests::retained_runtime_file_mutation_is_detected_after_observation ... ok
test authenticated_machine_effect::platform::tests::security_profile_rejects_root_credentials_capabilities_userns_and_threads ... ok
test authenticated_machine_effect::platform::tests::unrelated_process_cannot_be_retained_as_a_descendant ... ok
test canonical_kir_call_effects_v1::tests::closure_and_path_walk_have_exact_work_storage_limits_and_retry_cleanup ... ok
test canonical_kir_call_effects_v1::tests::cycles_declarations_and_their_callers_are_incomplete_before_callbacks ... ok
test canonical_kir_call_effects_v1::tests::deep_calls_are_iterative_and_path_expansion_is_budgeted ... ok
test canonical_kir_call_effects_v1::tests::graph_tests::bounded_generated_call_graphs_match_existing_effect_classification ... ok
test canonical_kir_call_effects_v1::tests::graph_tests::nested_returns_restore_parent_paths_before_later_effects ... ok
test canonical_kir_call_effects_v1::tests::graph_tests::repeated_branching_call_paths_exhaust_work_without_expanding_a_graph ... ok
test canonical_kir_call_effects_v1::tests::graph_tests::reserved_calls_do_not_hide_later_calls_or_require_a_declared_body ... ok
test canonical_kir_call_effects_v1::tests::graph_tests::root_effects_do_not_contaminate_a_complete_empty_helper ... ok
test canonical_kir_call_effects_v1::tests::repeated_diamond_calls_preserve_root_arguments_and_leaf_occurrences ... ok
test canonical_kir_call_effects_v1::tests::special_tests::complete_empty_does_not_infer_scalar_values_or_skip_invalid_locator ... ok
test canonical_kir_call_effects_v1::tests::special_tests::opaque_empty_assembly_never_acquires_empty_facts ... ok
test canonical_kir_call_effects_v1::tests::special_tests::ordering_and_memory_axes_remain_distinct_through_calls ... ok
test canonical_kir_call_effects_v1::tests::special_tests::stored_order_includes_unreachable_effects_and_preserves_volatile_payload ... ok
test canonical_kir_contract_catalog_v1::tests::aliases::block_parameter_cannot_be_forged_as_the_catalog_allocation ... ok
test canonical_kir_contract_catalog_v1::tests::aliases::conflicting_loop_origins_do_not_choose_one_available_catalog_binding ... ok
test canonical_kir_contract_catalog_v1::tests::aliases::grounded_marker_alias_binds_the_direct_allocation_without_an_alias_catalog_row ... ok
test canonical_kir_contract_catalog_v1::tests::aliases::resolved_alias_must_still_match_the_exact_contract_key ... ok
test canonical_kir_contract_catalog_v1::tests::all_six_markers_bind_sparse_allocations_in_each_actual_function ... ok
test canonical_kir_contract_catalog_v1::tests::empty_catalog_checks_empty_graph_with_exact_inline_storage ... ok
test canonical_kir_contract_catalog_v1::tests::malformed_epoch_and_marker_results_reject_at_real_owner_admission ... ok
test canonical_kir_contract_catalog_v1::tests::nonempty_binding_work_and_storage_are_exact_without_peak_calibration ... ok
test canonical_kir_contract_catalog_v1::tests::otherwise_admitted_workgroup_pointer_result_must_be_an_allocation ... ok
test canonical_kir_contract_catalog_v1::tests::rejects_actual_marker_key_and_missing_function_binding ... ok
test canonical_kir_contract_catalog_v1::tests::rejects_each_mismatched_allocation_coordinate ... ok
test canonical_kir_contract_catalog_v1::tests::rejects_valid_catalog_with_different_actual_geometry_or_payload ... ok
test canonical_kir_coordinate_preservation_v1::tests::capability_extension_is_monotone_but_does_not_identify_a_target ... ok
test canonical_kir_coordinate_preservation_v1::tests::checked_view_storage_is_admitted_before_complete_payload_comparison ... ok
test canonical_kir_coordinate_preservation_v1::tests::complete_borrowed_identity_accepts_canonical_equal_owners_and_rejects_changed_executable_fields ... ok
test canonical_kir_coordinate_preservation_v1::tests::empty_coordinate_check_has_literal_80_work_boundary_and_preserves_first_denial ... ok
test canonical_kir_inventory_v1::tests::compiler_ordering_is_separate_from_local_memory_and_unanalyzed_behavior ... ok
test canonical_kir_inventory_v1::tests::definition_index_and_reference_queries_have_identical_lookup_budgets ... ok
test canonical_kir_inventory_v1::tests::equal_bytes_do_not_substitute_another_connected_owner ... ok
test canonical_kir_inventory_v1::tests::excess_allocator_capacity_does_not_admit_extra_logical_records ... ok
test canonical_kir_inventory_v1::tests::failed_large_inventory_preserves_first_failure_history_and_owner ... ok
test canonical_kir_inventory_v1::tests::heapsort_and_lookup_are_sparse_and_do_not_depend_on_source_order ... ok
test canonical_kir_inventory_v1::tests::independently_bounded_sort_failure_drops_admitted_vectors_before_floor_restore ... ok
test canonical_kir_inventory_v1::tests::independently_specified_declaration_budget_covers_nonempty_retained_vectors ... ok
test canonical_kir_inventory_v1::tests::independently_specified_empty_budget_boundaries_restore_prefixed_floors ... ok
test canonical_kir_inventory_v1::tests::mixed_ssa_inventory_borrows_exact_definitions_and_preserves_every_occurrence ... ok
test canonical_kir_inventory_v1::tests::native_source_queries::native_source_index_queries_fail_closed_at_the_shared_work_limit ... ok
test canonical_kir_inventory_v1::tests::native_source_queries::native_source_queries_use_exact_function_and_sparse_block_coordinates ... ok
test canonical_kir_memory_ssa_v1::tests::all_input_limits_refuse_before_report_allocation ... ok
test canonical_kir_memory_ssa_v1::tests::calls_volatile_reads_and_fences_are_barriers_without_relabeling_raw_effects ... ok
test canonical_kir_memory_ssa_v1::tests::constructor_failure_after_first_buffer_restores_the_original_floor ... ok
test canonical_kir_memory_ssa_v1::tests::deterministic_rows_do_not_substitute_equal_bytes_from_another_owner ... ok
test canonical_kir_memory_ssa_v1::tests::diamond_joins_distinct_stores_in_edge_order_with_nonmonotonic_block_ids ... ok
test canonical_kir_memory_ssa_v1::tests::duplicate_successor_edges_are_not_collapsed ... ok
test canonical_kir_memory_ssa_v1::tests::entry_backedge_keeps_explicit_live_on_entry_and_loop_carried_store ... ok
test canonical_kir_memory_ssa_v1::tests::fixed_constructor_work_formula_and_one_short_final_debit_are_literal ... ok
test canonical_kir_memory_ssa_v1::tests::genuine_execution_operation_is_refused_before_v12_inventory_admission ... ok
test canonical_kir_memory_ssa_v1::tests::header_and_partial_buffer_storage_fail_before_growth_with_exact_history ... ok
test canonical_kir_memory_ssa_v1::tests::irreducible_and_disconnected_components_keep_their_structural_phis ... ok
test canonical_kir_memory_ssa_v1::tests::multi_effect_copy_is_one_clobber_with_all_physical_effects_censused ... ok
test canonical_kir_memory_ssa_v1::tests::ordered_contract_without_physical_effects_is_still_a_barrier ... ok
test canonical_kir_memory_ssa_v1::tests::queries_pay_fixed_work_before_invalid_locator_or_short_limit ... ok
test canonical_kir_memory_ssa_v1::tests::stores_define_versions_reads_reuse_them_and_pure_operations_have_no_node ... ok
test canonical_kir_memory_ssa_v1::tests::verified_nomem_assembly_is_a_conservative_barrier_not_a_raw_write ... ok
test canonical_kir_must_alias_v1::tests::a_later_smaller_analysis_does_not_erase_prior_resource_failure_history ... ok
test canonical_kir_must_alias_v1::tests::casts_offsets_and_calls_are_not_invented_identity_transfers ... ok
test canonical_kir_must_alias_v1::tests::diamond_join_requires_all_incoming_allocations_to_agree ... ok
test canonical_kir_must_alias_v1::tests::duplicate_successor_occurrences_are_not_collapsed ... ok
test canonical_kir_must_alias_v1::tests::empty_and_single_allocation_have_independent_exact_work_and_storage_boundaries ... ok
test canonical_kir_must_alias_v1::tests::entry_block_parameter_keeps_its_unknown_implicit_initial_value ... ok
test canonical_kir_must_alias_v1::tests::equal_sparse_value_ids_in_distinct_functions_never_share_an_origin ... ok
test canonical_kir_must_alias_v1::tests::exact_input_caps_and_other_inventory_identity_are_enforced ... ok
test canonical_kir_must_alias_v1::tests::grounded_loop_has_exact_dependency_storage_and_work_without_calibration ... ok
test canonical_kir_must_alias_v1::tests::grounded_loop_parameter_resolves_the_entry_allocation ... ok
test canonical_kir_must_alias_v1::tests::irreducible_two_entry_cycle_is_grounded_only_when_both_entries_agree ... ok
test canonical_kir_must_alias_v1::tests::missing_initial_ground_and_ungrounded_cycle_do_not_manufacture_an_allocation ... ok
test canonical_kir_must_alias_v1::tests::straight_line_and_pointer_selects_keep_only_one_physical_allocation ... ok
test canonical_kir_must_alias_v1::tests::unresolved_cycle_contaminates_an_otherwise_grounded_downstream_join ... ok
test canonical_kir_physical_occurrences_v1::tests::exact_inventory_and_foreign_member_checks_do_not_use_structural_equality ... ok
test canonical_kir_physical_occurrences_v1::tests::grounded_loops_and_irreducible_joins_reuse_exact_edge_occurrences ... ok
test canonical_kir_physical_occurrences_v1::tests::independent_empty_and_declaration_work_storage_boundaries ... ok
test canonical_kir_physical_occurrences_v1::tests::independently_derived_alias_and_report_peaks_and_late_terminal_work ... ok
test canonical_kir_physical_occurrences_v1::tests::literal_allocation_marker_and_pointer_rows_belong_to_actual_source_inventory ... ok
test canonical_kir_physical_occurrences_v1::tests::physical_cases::diamond_and_select_forwarding_require_one_grounded_allocation ... ok
test canonical_kir_physical_occurrences_v1::tests::physical_cases::effect_free_inline_assembly_is_still_an_opaque_physical_occurrence ... ok
test canonical_kir_physical_occurrences_v1::tests::physical_cases::entry_views_do_not_duplicate_or_expand_shared_helper_effects ... ok
test canonical_kir_physical_occurrences_v1::tests::physical_cases::metadata_sparse_ids_and_prior_failure_history_do_not_change_structural_cost ... ok
test canonical_kir_physical_occurrences_v1::tests::physical_cases::offsets_casts_and_calls_are_not_silently_equated_to_allocations ... ok
test canonical_kir_physical_occurrences_v1::tests::physical_cases::other_address_spaces_are_outside_the_model_not_disjoint_or_missing ... ok
test canonical_kir_physical_occurrences_v1::tests::physical_cases::predicates_copy_order_atomics_and_barriers_borrow_exact_attributes ... ok
test canonical_kir_physical_occurrences_v1::tests::physical_cases::stored_and_returned_pointers_remain_explicit_escapes ... ok
test canonical_kir_physical_occurrences_v1::tests::repeated_edges_unknown_entries_and_ungrounded_cycles_remain_explicit ... ok
test canonical_kir_physical_occurrences_v1::tests::two_typed_catalog_keys_bind_distinct_physical_allocations ... ok
test canonical_kir_sparse_v1::tests::admitted_entry_parameter_cycle_closes_unknown_without_inventing_an_input ... ok
test canonical_kir_sparse_v1::tests::calls_and_declarations_are_conservative_even_for_a_shared_constant_helper ... ok
test canonical_kir_sparse_v1::tests::changing_loop_argument_reaches_dynamic_and_opens_the_exit_without_unrolling ... ok
test canonical_kir_sparse_v1::tests::duplicate_targets_remain_distinct_executable_occurrences_and_merge_inputs ... ok
test canonical_kir_sparse_v1::tests::exact_inventory_binding_and_lattice_distinctions_are_not_hash_claims ... ok
test canonical_kir_sparse_v1::tests::exact_scalar_folding_keeps_checked_pairs_and_exceptional_operations_distinct ... ok
test canonical_kir_sparse_v1::tests::independent_empty_budget_boundaries_preserve_prefix_floor_and_history ... ok
test canonical_kir_sparse_v1::tests::independent_nonempty_work_boundary_drops_queue_scratch_before_transferring_output ... ok
test canonical_kir_sparse_v1::tests::input_limits_and_seeded_failure_history_are_preserved ... ok
test canonical_kir_sparse_v1::tests::integer_switch_prunes_by_typed_value_not_shared_target_identity ... ok
test canonical_kir_sparse_v1::tests::invalid_use_queries_observe_the_same_exact_and_one_under_work_bound ... ok
test canonical_kir_sparse_v1::tests::nonempty_exact_peak_accounts_for_all_inverse_and_closure_buffers ... ok
test canonical_kir_sparse_v1::tests::use_queries_keep_duplicate_edge_payloads_and_lattice_states_distinct ... ok
test canonical_kir_sparse_v1::tests::use_queries_resolve_operands_and_both_checked_result_components ... ok
test canonical_kir_sparse_v1::tests::use_queries_validate_nested_ordinals_instead_of_raw_sparse_ids ... ok
test canonical_kir_sparse_v1::tests::use_query_budget_is_fixed_upfront_and_preserves_owner_floor_and_history ... ok
test canonical_kir_sparse_v1::tests::use_query_range_checks_reject_overflow_inverted_and_spilling_ranges ... ok
test canonical_kir_transition_v1::tests::catalog_transport::empty_and_nonempty_catalog_transport_have_independent_exact_resource_boundaries ... ok
test canonical_kir_transition_v1::tests::catalog_transport::equal_graph_bytes_do_not_authorize_a_foreign_catalog_inventory ... ok
test canonical_kir_transition_v1::tests::catalog_transport::grounded_loop_marker_alias_retains_only_the_physical_allocation_binding ... ok
test canonical_kir_transition_v1::tests::catalog_transport::moved_allocation_and_marker_keep_keys_while_unreachable_occurrences_are_omitted ... ok
test canonical_kir_transition_v1::tests::control::constant_selection_and_multiple_merge_segments_preserve_original_tail_use ... ok
test canonical_kir_transition_v1::tests::control::empty_switch_default_connector_can_merge_and_retire_selector_occurrence ... ok
test canonical_kir_transition_v1::tests::control::entry_parameter_backedge_literal_does_not_justify_an_initial_alias ... ok
test canonical_kir_transition_v1::tests::control::entry_parameter_backedge_literal_does_not_prune_the_initial_false_edge ... ok
test canonical_kir_transition_v1::tests::control::grounded_loop_invariant_can_remove_phi_payloads_without_pruning_loop_edges ... ok
test canonical_kir_transition_v1::tests::control::mutually_recursive_phi_inputs_do_not_create_an_unjustified_alias ... ok
test canonical_kir_transition_v1::tests::control::repeated_targets_keep_ordered_occurrences_and_removed_parameter_slots ... ok
test canonical_kir_transition_v1::tests::control::signed_and_wide_raw_switches_preserve_key_domains_and_duplicate_tuple_rosters ... ok
test canonical_kir_transition_v1::tests::control::unknown_duplicate_target_branch_does_not_justify_merge_or_selection ... ok
test canonical_kir_transition_v1::tests::control_index::empty_and_return_only_control_indexes_have_independent_exact_boundaries ... ok
test canonical_kir_transition_v1::tests::control_index::repeated_edges_keep_distinct_argument_and_output_use_occurrences ... ok
test canonical_kir_transition_v1::tests::control_index::selected_false_edge_and_consumed_merge_connector_have_explicit_placement ... ok
test canonical_kir_transition_v1::tests::dominance_cse::cross_block_exact_pure_cse_preserves_ordered_store_and_rejects_operand_forgery ... ok
test canonical_kir_transition_v1::tests::identity_rows_preserve_distinct_owner_binding_and_reject_missing_or_wrong_coordinates ... ok
test canonical_kir_transition_v1::tests::integer_identities::checked_overflow_and_slot_corruption_are_rejected_independently ... ok
test canonical_kir_transition_v1::tests::integer_identities::floating_boolean_and_index_identity_claims_stay_outside_the_closed_checker ... ok
test canonical_kir_transition_v1::tests::integer_identities::identity_totality_does_not_waive_store_use_type_or_descendant_obligations ... ok
test canonical_kir_transition_v1::tests::integer_identities::independently_checks_fixed_integer_identity_family_and_checked_false_results ... ok
test canonical_kir_transition_v1::tests::integer_identities::near_miss_constant_orientation_operator_and_wrong_operand_are_not_proofs ... ok
test canonical_kir_transition_v1::tests::integer_identities::removing_an_identity_does_not_allow_reordering_two_live_stores ... ok
test canonical_kir_transition_v1::tests::receipt_wire::empty_receipt_checker_exact_work_and_storage_extend_the_fixed_direct_checker ... ok
test canonical_kir_transition_v1::tests::receipt_wire::receipt_admission_rejects_repeated_edge_origin_swaps_after_valid_wire_decode ... ok
test canonical_kir_transition_v1::tests::receipt_wire::receipt_endpoint_comparison_exact_one_under_preserves_borrowed_owner_floor ... ok
test canonical_kir_transition_v1::tests::resources::failure_does_not_release_borrowed_owners_and_success_transfers_only_view ... ok
test canonical_kir_transition_v1::tests::resources::literal_empty_and_single_block_work_boundaries_preserve_prefix_history ... ok
test canonical_kir_transition_v1::tests::resources::nonempty_exact_and_one_under_peak_own_inverse_queue_and_value_tables ... ok
test canonical_kir_transition_v1::tests::scalar::both_checked_results_have_independent_exact_constant_descendants ... ok
test canonical_kir_transition_v1::tests::scalar::float_select_retains_nan_payload_and_signed_zero_bits_next_to_physical_effects ... ok
test canonical_kir_transition_v1::tests::scalar::ordered_physical_operations_cannot_be_reordered_or_omitted ... ok
test canonical_kir_transition_v1::tests::scalar::ordinary_float_operation_cannot_disappear_as_if_native_pure ... ok
test canonical_kir_transition_v1::tests::scalar::ordinary_integer_fold_keeps_original_and_replacement_while_transporting_store ... ok
test canonical_kir_transition_v1::tests::scalar::overflow_and_invalid_shift_cannot_manufacture_constant_synthesis ... ok
test canonical_kir_transition_v1::tests::scalar::pure_float_bitcast_cse_preserves_exact_typed_result_and_operand_origin ... ok
test canonical_kir_transition_v1::tests::scalar::same_width_mixed_signedness_shift_matches_native_fold_and_keeps_producer ... ok
test canonical_kir_transition_v1::tests::separately_admitted_declaration_type_change_is_not_a_transition ... ok
test canonical_kir_transition_v1::tests::unchanged_declaration_positions_do_not_require_body_values ... ok
test control_flow::resource_budget_tests::checked_budget_arithmetic_rejects_overflow_without_mutation ... ok
test control_flow::resource_budget_tests::every_resource_accepts_its_boundary_and_rejects_the_next_item ... ok
test control_flow::resource_budget_tests::idf_entries_precharge_storage_at_the_boundary_and_on_overflow ... ok
test control_flow::resource_budget_tests::resource_diagnostic_text_is_stable ... ok
test gfx942_atomic_collective_structure::tests::ds_atomic_suffix_grammar_is_closed ... ok
test gfx942_atomic_collective_structure::tests::global_atomic_suffix_grammar_is_closed ... ok
test gfx942_machine_dataflow::tests::dense_dominator_bits_cross_word_boundaries_and_charge_work ... ok
test gfx942_machine_dataflow::tests::post_dominators_intersect_distinct_exit_paths ... ok
test gfx942_machine_dataflow::tests::post_dominators_require_every_block_to_reach_an_exit ... ok
test gfx942_scalar_f32_recurrence::encoding_tests::canonical_vop_encodings_accept_aliases_and_repeated_sources ... ok
test gfx942_scalar_f32_recurrence::encoding_tests::every_raw_opcode_format_and_register_bit_is_reconciled ... ok
test gfx942_scalar_f32_recurrence::encoding_tests::exact_encoding_checks_preserve_recurrence_dataflow_and_inert_artifact ... ok
test gfx942_scalar_f32_recurrence::encoding_tests::flags_memory_and_control_facts_cannot_be_added_to_vop_records ... ok
test gfx942_scalar_f32_recurrence::encoding_tests::operand_roles_and_implicit_effects_must_match_the_instruction ... ok
test gfx942_scalar_f32_recurrence::tests::candidate_add_order_retains_the_product_nan_payload ... ok
test gfx942_scalar_f32_recurrence::tests::exceptional_values_and_zero_iteration_are_explicit ... ok
test gfx942_scalar_f32_recurrence::tests::iteration_bound_rejects_before_execution ... ok
test gfx942_scalar_f32_recurrence::tests::separate_rounding_differs_from_fused_for_a_known_witness ... ok
test kernel_check_model::tests::retired_kernel_ir_pipeline_is_absent_from_the_public_module_graph ... ok
test kernel_check_model::tests::status_join_is_the_conservative_lattice ... ok
test tests::lattice_join_selects_least_upper_bound ... ok
test tests::scope_uniformity_follows_lattice_thresholds ... ok
test uniformity::contextual_control::tests::a_large_borrowed_index_exhausts_atomically_without_allocating_proof_indexes ... ok
test uniformity::contextual_control::tests::aligned_cutoffs_preserve_cohorts_for_small_workgroups_and_swapped_operands ... ok
test uniformity::contextual_control::tests::bounds_do_not_authorize_sibling_joins_duplicate_edges_or_shared_switch_targets ... ok
test uniformity::contextual_control::tests::contextual_proof_has_literal_work_and_storage_boundaries_and_atomic_exhaustion ... ok
test uniformity::contextual_control::tests::contradictory_path_bounds_remain_unknown ... ok
test uniformity::contextual_control::tests::every_small_concrete_path_keeps_its_original_edge ... ok
test uniformity::contextual_control::tests::exact_dominated_bounds_restore_masked_reconvergence_without_uniformizing_the_index ... ok
test uniformity::contextual_control::tests::geometry_and_typed_identity_are_required_for_aligned_comparisons ... ok
test uniformity::contextual_control::tests::integer_switch_facts_require_exact_unsigned_case_types ... ok
test uniformity::contextual_control::tests::interval_truth_matches_an_independent_exhaustive_integer_oracle ... ok
test uniformity::contextual_control::tests::loop_backedges_do_not_authorize_entry_or_changing_phi_facts ... ok
test uniformity::contextual_control::tests::reused_selectors_keep_their_earlier_unknown_edges ... ok
test uniformity::source_ordered_definitions_v1_tests::source_ordered_definition_index_accepts_empty_input ... ok
test uniformity::source_ordered_definitions_v1_tests::source_ordered_definition_index_keeps_sorted_keys_and_last_borrow ... ok

test result: ok. 186 passed; 0 failed; 0 ignored; 0 measured; 0 filtered out; finished in 1.35s

     Running unittests src/lib.rs (/dev/shm/fe2o3-safe-launch230-20260917-QBQoVnWw/target/debug/deps/fe2o3_kfd-4c78d05274481a2f)

running 425 tests
test currentness::tests::clear_observations_do_not_poison ... ok
test currentness::tests::clock_correlation_requires_exact_gpu_zero_pad_and_frequency ... ok
test currentness::tests::first_event_is_permanently_poisoning ... ok
test currentness::tests::protocol_failure_is_permanently_poisoning ... ok
test debug_trap::tests::cleanup_attempts_every_owned_restoration_after_failure ... ok
test debug_trap::tests::debug_session_manifest_is_frozen ... ok
test debug_trap::tests::hardware_operations_require_runtime_enable ... ok
test debug_trap::tests::plan_is_bounded_and_cross_process ... ok
test debug_trap::tests::proc_status_parser_is_fail_closed ... ok
test debug_trap::tests::process_runtime_info_refreshes_hardware_gate ... ok
test debug_trap::tests::queue_status_bits_are_decoded_and_only_success_is_owned ... ok
test debug_trap::tests::runtime_disable_reconciles_kfd_invalidated_hardware_ownership ... ok
test debug_trap::tests::snapshots_and_events_are_redacted_and_validated ... ok
test debug_trap::tests::typed_exception_info_rejects_payload_substitution ... ok
test device::gfx950::tests::asrock_is_not_admitted_without_engineering_feature ... ok
test device::gfx950::tests::every_exact_profile_field_is_fail_closed ... ok
test device::gfx950::tests::exact_mi350_profile_is_separate_from_mi300 ... ok
test device::gfx950::tests::platform_observations_must_all_be_exact ... ok
test device::gfx950::tests::profile_explicitly_grants_no_execution_or_model_authority ... ok
test device::tests::aperture_validation_rejects_overlap_and_noncanonical_end ... ok
test device::tests::inactive_retained_history_rejects_domain_change_without_replacement ... ok
test device::tests::profile_manifest_digest_is_frozen ... ok
test device::tests::projection_history_capacity_maps_to_named_process_lifetime_error ... ok
test device::tests::revision_zero_profile_rejects_consistent_nonzero_revision ... ok
test linux::contract_tests::aperture_count_growth_and_truncation_fail_closed ... ok
test linux::contract_tests::disabled_xnack_runs_set_barrier_and_requeries ... ok
test linux::contract_tests::enabled_xnack_is_rejected_without_mutation ... ok
test memory::memory_model_tests::private_session_completion_journal_has_exact_order_counts_and_states ... ok
test memory::memory_model_tests::projection_failure_quarantines_the_adapter_engine ... ok
test memory::tests::every_allocation_stage_failure_quarantines ... ok
test memory::tests::every_map_and_unmap_stage_failure_quarantines ... ok
test memory::tests::every_release_stage_failure_quarantines_without_free_retry ... ok
test memory::tests::failed_dontfork_or_mprotect_discards_inaccessible_mapping ... ok
test memory::tests::free_failure_is_terminal_and_never_retried_by_drop ... ok
test memory::tests::full_prefix_plus_errno_is_ambiguous_and_quarantines ... ok
test memory::tests::immutable_borrow_checks_currentness_before_and_after ... ok
test memory::tests::malformed_alloc_outputs_quarantine ... ok
test memory::tests::malformed_progress_quarantines ... ok
test memory::tests::memory_profile_manifest_is_frozen ... ok
test memory::tests::mutable_borrow_checks_currentness_before_and_after ... ok
test memory::tests::non_identity_cpu_mapping_quarantines_before_mapping_setup ... ok
test memory::tests::ordinary_footprint_is_checked_and_page_aligned ... ok
test memory::tests::panicking_borrow_still_runs_post_currentness_and_quarantines_on_failure ... ok
test memory::tests::process_vm_registry_admits_distinct_devices_independently ... ok
test memory::tests::process_vm_registry_poison_is_fail_closed_on_mismatched_finish ... ok
test memory::tests::successful_ioctl_without_full_prefix_quarantines_map_and_unmap ... ok
test memory::tests::successful_lifecycle_orders_munmap_before_one_free ... ok
test memory_linux::tests::aql_counter_operations_use_the_reviewed_amd_control_offsets ... ok
test memory_linux::tests::cpu_unmap_guard_keeps_the_exact_gpu_va_reserved ... ok
test memory_linux::tests::mapped_completion_slots_use_exact_acquire_and_release_atomics ... ok
test memory_linux::tests::mapped_packet_accepts_exact_wait_for_prior_release_header ... ok
test memory_linux::tests::mapped_packet_accepts_only_zero_setup_for_barrier_and_header ... ok
test memory_linux::tests::mapped_packet_observation_is_acquiring_and_wraps_private_slot ... ok
test memory_linux::tests::sdma_packet_construction_precedes_exact_visible_write_publication ... ok
test persistent_allocation::tests::caller_reported_currentness_loss_quarantines_without_claiming_observation ... ok
test persistent_allocation::tests::capacity_and_allocation_bounds_are_preflighted ... ok
test persistent_allocation::tests::exact_peer_form_and_operation_access_are_checked ... ok
test persistent_allocation::tests::indeterminate_publication_quarantines_and_blocks_release ... ok
test persistent_allocation::tests::overlapping_writer_requires_exact_current_successful_frontier ... ok
test persistent_allocation::tests::owner_and_generation_substitution_recover_move_only_custody ... ok
test persistent_allocation::tests::prepared_indeterminate_use_is_quarantined_without_fake_publication ... ok
test persistent_allocation::tests::prepublication_cancel_reclaims_slots ... ok
test persistent_allocation::tests::reads_coexist_writers_conflict_and_disjoint_writers_coexist ... ok
test persistent_allocation::tests::release_requires_settlement_and_returns_exact_native_owner ... ok
test persistent_allocation::tests::sdma_detach_restore_requires_exact_local_native_identity ... ok
test persistent_allocation::tests::timeout_retains_exact_published_custody ... ok
test persistent_directional_sdma::tests::closing_currentness_loss_is_terminal_before_and_after_completion ... ok
test persistent_directional_sdma::tests::demotion_requires_exact_frontier_retirement ... ok
test persistent_directional_sdma::tests::every_full_ticket_coordinate_is_authenticated ... ok
test persistent_directional_sdma::tests::extent_admission_is_bounded_and_page_rounded_only_physically ... ok
test persistent_directional_sdma::tests::host_and_range_substitution_are_terminal ... ok
test persistent_directional_sdma::tests::live_r19_path_uses_physical_promotion_and_operational_hot_path_checks ... ok
test persistent_directional_sdma::tests::manifest_digest_is_frozen ... ok
test persistent_directional_sdma::tests::more_than_64_arbitrarily_alternating_directions_are_admitted ... ok
test persistent_directional_sdma::tests::more_than_64_repeated_same_direction_uses_are_admitted ... ok
test persistent_directional_sdma::tests::next_use_requires_exact_frontier_retirement_not_dependency_chaining ... ok
test persistent_directional_sdma::tests::pair_admission_rejects_swapped_engines_and_duplicate_children ... ok
test persistent_directional_sdma::tests::pending_timeout_and_exact_completion_preserve_direction_and_size ... ok
test persistent_directional_sdma::tests::pooled_logical_extent_preserves_physical_owner_and_buffer_debit ... ok
test persistent_directional_sdma::tests::prepared_ticket_must_name_the_selected_child_and_valid_slot_generation ... ok
test persistent_directional_sdma::tests::promotion_and_demotion_failures_preserve_explicit_owner_custody ... ok
test persistent_directional_sdma::tests::recoverable_publication_restores_exact_owners_in_both_directions ... ok
test persistent_directional_sdma::tests::retained_and_substituted_ticket_publications_are_terminal ... ok
test persistent_directional_sdma::tests::window_clean_recovery_restores_the_exact_owner_pair ... ok
test persistent_directional_sdma::tests::window_completion_metadata_mismatch_is_terminal ... ok
test persistent_directional_sdma::tests::window_completion_offset_substitution_is_terminal ... ok
test persistent_directional_sdma::tests::window_manifest_digest_is_frozen ... ok
test persistent_directional_sdma::tests::window_pending_timeout_and_exact_completion_are_aggregate ... ok
test persistent_directional_sdma::tests::window_retained_and_substituted_publications_quarantine_the_whole_roster ... ok
test persistent_sdma::tests::adapter_manifest_digest_is_frozen ... ok
test persistent_sdma::tests::exact_direction_is_derived_from_the_targeted_engine ... ok
test persistent_sdma::tests::pending_poll_retains_the_exact_move_only_submission ... ok
test persistent_sdma::tests::terminal_completion_is_opaque_and_reports_exact_stage ... ok
test queue::completion::tests::barrier_probe_binds_only_queue_and_signal_then_recycles ... ok
test queue::completion::tests::barrier_probe_cancel_restores_release_and_dispatch_admission ... ok
test queue::completion::tests::barrier_probe_currentness_fault_and_reset_failures_poison ... ok
test queue::completion::tests::barrier_probe_generation_exhaustion_terminally_poisons_owner ... ok
test queue::completion::tests::barrier_probe_rejects_missing_packet_and_zero_identity ... ok
test queue::completion::tests::barrier_probe_timeout_retains_custody_until_outer_quarantine ... ok
test queue::completion::tests::binding_rejects_wrong_queue_vm_and_packet_without_mutation ... ok
test queue::completion::tests::boundary_batches_bind_distinct_wrap_free_signal_slots ... ok
test queue::completion::tests::capacity_and_identity_exhaustion_are_preflighted ... ok
test queue::completion::tests::completion_binding_preserves_mixed_packet_ordering ... ok
test queue::completion::tests::completion_manifest_digest_is_frozen ... ok
test queue::completion::tests::completion_owner_retains_exact_heap_cardinality_with_bounded_inline_state ... ok
test queue::completion::tests::every_currentness_and_recycle_boundary_fails_closed ... ok
test queue::completion::tests::exact_arena_initialization_matches_every_frozen_signal_image ... ok
test queue::completion::tests::expired_deadline_preserves_custody_without_scanning_signals ... ok
test queue::completion::tests::fault_timeout_and_ambiguous_observation_poison ... ok
test queue::completion::tests::observation_failure_at_every_batch_slot_is_terminal ... ok
test queue::completion::tests::oversized_poll_bound_is_terminal_before_observation ... ok
test queue::completion::tests::pending_ready_and_recycle_are_exact_for_unique_signals ... ok
test queue::completion::tests::progress_uses_one_currentness_envelope_for_the_exact_batch_scan ... ok
test queue::completion::tests::stale_generation_and_live_batches_prevent_release ... ok
test queue::completion::tests::timeout_observation_is_addressless_and_preserves_exact_values ... ok
test queue::completion::tests::zero_poll_timeout_preserves_locator_without_scanning_signals ... ok
test queue::device_content::tests::content_identity_is_canonical_and_binds_role_ordinal_extent_and_sha ... ok
test queue::device_content::tests::exact_completion_is_the_only_initialized_authority_mint ... ok
test queue::device_content::tests::manifest_digest_is_frozen ... ok
test queue::device_content::tests::only_no_effect_failure_is_retryable_and_every_later_boundary_is_poisoned ... ok
test queue::device_content::tests::preflight_rejects_every_identity_and_extent_substitution_without_losing_inputs ... ok
test queue::device_content::tests::publication_and_completion_are_exact_generation_bound_and_fail_closed ... ok
test queue::device_content::tests::repeated_byte_recipe_matches_materialized_descriptors_at_chunk_boundaries ... ok
test queue::dispatch_binding::tests::caller_must_zero_every_byte_of_the_implicit_suffix ... ok
test queue::dispatch_binding::tests::code_bound_kernarg_layout_requires_exact_dispatch_abi_identity ... ok
test queue::dispatch_binding::tests::completed_read_requests_reject_phase_generation_effect_bounds_and_overlap ... ok
test queue::dispatch_binding::tests::completed_snapshot_binding_requires_strict_isolated_writable_enclosure ... ok
test queue::dispatch_binding::tests::completed_snapshot_premises_require_initialized_coherent_isolated_writes ... ok
test queue::dispatch_binding::tests::completed_snapshot_requests_require_exact_recycled_declaration ... ok
test queue::dispatch_binding::tests::data_premises_reject_uninitialized_reads_and_identity_aliases ... ok
test queue::dispatch_binding::tests::every_data_lease_must_be_referenced_by_every_batch_shape ... ok
test queue::dispatch_binding::tests::exhaustion_and_poison_from_each_phase_are_terminal_and_fail_closed ... ok
test queue::dispatch_binding::tests::fixed_batch_may_select_one_program_from_a_larger_inspected_roster ... ok
test queue::dispatch_binding::tests::fixed_batch_ring_must_cover_every_packet_before_native_preparation ... ok
test queue::dispatch_binding::tests::gfx950_loader_profile_cannot_enter_gfx942_dispatch_preparation ... ok
test queue::dispatch_binding::tests::implicit_kernarg_admits_only_geometry_and_dynamic_lds_fields ... ok
test queue::dispatch_binding::tests::implicit_kernarg_requires_one_exact_trailing_256_byte_extent ... ok
test queue::dispatch_binding::tests::implicit_kernarg_uses_full_block_counts_and_partial_remainders ... ok
test queue::dispatch_binding::tests::manifest_digest_is_frozen ... ok
test queue::dispatch_binding::tests::owner_phase_is_linear_and_terminal_poison_is_sticky ... ok
test queue::dispatch_binding::tests::packet_and_data_bounds_are_exact ... ok
test queue::dispatch_binding::tests::private_initializer_writes_only_metadata_declared_implicit_fields ... ok
test queue::dispatch_binding::tests::public_buffer_contract_rejects_pointer_range_alignment_and_alias_drift ... ok
test queue::dispatch_binding::tests::public_buffer_contract_requires_inspected_access_and_alignment ... ok
test queue::dispatch_binding::tests::public_fixed_batch_retains_untouched_roster_premises ... ok
test queue::dispatch_binding::tests::public_read_effect_requires_sealed_initialization ... ok
test queue::dispatch_binding::tests::real_gfx950_kernel_rejects_before_fixed_dispatch_data_preparation ... ignored, requires a freshly compiled FE2O3_TEST_GFX950_COV6 and FE2O3_TEST_GFX950_KERNEL
test queue::dispatch_binding::tests::recycled_queue_can_admit_a_different_second_fixed_batch_generation ... ok
test queue::dispatch_binding::tests::replacement_owner_advances_from_exact_recycled_generation ... ok
test queue::dispatch_binding::tests::replacement_preflight_rejects_empty_programs_and_exhausted_generation_before_mutation ... ok
test queue::dispatch_binding::tests::retryable_cancel_preserves_last_recycle_for_returning_destroy ... ok
test queue::dispatch_binding::tests::returning_destroy_admits_unpublished_or_exactly_recycled_only ... ok
test queue::dispatch_binding::tests::stale_and_double_use_transitions_never_mutate_generation_state ... ok
test queue::dispatch_binding::tests::typed_pointer_layout_is_complete_bounded_and_nonoverlapping ... ok
test queue::live::dispatch::tests::admits_56_buffers_and_rejects_57_before_native_work ... ok
test queue::live::dispatch::tests::admits_one_complete_structural_request_without_native_work ... ok
test queue::live::dispatch::tests::buffer_constructor_rejects_zero_length_authority ... ok
test queue::live::dispatch::tests::manifest_digest_is_current ... ok
test queue::live::dispatch::tests::rejects_empty_and_invalid_executable_ranges ... ok
test queue::live::dispatch::tests::rejects_every_pointer_fixup_substitution_class ... ok
test queue::live::dispatch::tests::rejects_invalid_kernarg_and_timeout_bounds ... ok
test queue::live::dispatch::tests::rejects_nonzero_and_duplicate_pointer_placeholders ... ok
test queue::live::dispatch::tests::rejects_oversized_multidimensional_workgroups_without_native_work ... ok
test queue::live::dispatch::tests::rejects_unimplemented_scratch_and_out_of_profile_resources ... ok
test queue::live::dispatch::tests::terminal_exception_observation_preserves_admitted_reason_bits ... ok
test queue::live::tests::already_terminal_multi_queue_session_never_advertises_retryable_custody ... ok
test queue::live::tests::auxiliary_destroy_preflight_rejection_preserves_custody_for_retry ... ok
test queue::live::tests::auxiliary_destroy_requires_retired_dispatch_ledger_before_taking_custody ... ok
test queue::live::tests::auxiliary_lane_reuse_advances_generation_and_rejects_substitution ... ok
test queue::live::tests::auxiliary_queue_publishes_cwsr_payload_only_at_native_create_boundary ... ok
test queue::live::tests::barrier_probe_backings_have_stable_distinct_contracts ... ok
test queue::live::tests::barrier_probe_poll_bound_rejects_before_device_consumption ... ok
test queue::live::tests::barrier_success_snapshot_accepts_only_the_exact_redacted_contract ... ok
test queue::live::tests::combined_sdma_finish_recovers_only_timeout_after_closing_currentness ... ok
test queue::live::tests::completed_observation_with_lost_currentness_is_terminal_and_unrestored ... ok
test queue::live::tests::confirmed_persistent_publication_records_the_exact_ticket ... ok
test queue::live::tests::confirmed_persistent_publication_rejects_same_queue_ticket_substitution ... ok
test queue::live::tests::create_result_is_nonterminal_only_when_no_effect_is_explicit ... ok
test queue::live::tests::demote_repromote_rejects_frontier_aba_for_the_same_native_allocation ... ok
test queue::live::tests::destroyed_queue_observation_counts_base_and_optional_sdma_resources ... ok
test queue::live::tests::detached_returning_destroy_cardinality_mismatch_is_terminal ... ok
test queue::live::tests::detached_returning_destroy_observes_exact_private_generation ... ok
test queue::live::tests::detached_returning_destroy_rejects_fabricated_unbound_phase ... ok
test queue::live::tests::detached_storage_identity_rejects_cross_queue_substitution_and_reordering ... ok
test queue::live::tests::detached_storage_identity_replacement_preserves_the_released_ordinal ... ok
test queue::live::tests::every_post_handoff_failure_keeps_original_debug_token_empty ... ok
test queue::live::tests::exact_detached_insertion_clears_legacy_replacement_state_at_any_valid_ordinal ... ok
test queue::live::tests::exact_detached_insertion_rejects_out_of_range_without_mutation ... ok
test queue::live::tests::exact_persistent_completion_rejects_same_queue_host_substitution ... ok
test queue::live::tests::exact_persistent_completion_restores_both_owners_and_frontier ... ok
test queue::live::tests::frontier_retirement_supports_more_than_the_bounded_ledger_sequential_uses ... ok
test queue::live::tests::multi_queue_failures_distinguish_retryable_and_terminal_truth ... ok
test queue::live::tests::pending_and_timeout_keep_the_exact_published_submission ... ok
test queue::live::tests::persistent_demotion_advances_pool_generation_without_changing_buffer_debit ... ok
test queue::live::tests::persistent_host_binding_rejects_same_storage_descriptor_substitution ... ok
test queue::live::tests::persistent_sdma_request_restoration_is_exact_in_both_directions ... ok
test queue::live::tests::persistent_sdma_request_restoration_rejects_generation_substitution ... ok
test queue::live::tests::probe_creation_phase_preserves_backing_and_terminal_classification ... ok
test queue::live::tests::production_handoff_precedes_event_create_and_all_fallible_queue_steps ... ok
test queue::live::tests::queue_identity_digest_binds_backing_and_exact_ring_span ... ok
test queue::live::tests::recoverable_persistent_publication_restores_exact_owners_without_teardown ... ok
test queue::live::tests::retained_persistent_publication_quarantines_directly_from_prepared ... ok
test queue::live::tests::sdma_dispatch_content_check_rejects_length_and_digest_substitution ... ok
test queue::live::tests::session_manifest_digest_is_frozen ... ok
test queue::live::tests::stale_frontier_retirement_returns_exact_custody_and_current_frontier_still_retires ... ok
test queue::live::tests::substituted_frontier_retirement_returns_both_allocation_and_frontier ... ok
test queue::live::tests::terminal_shard_observation_returns_the_source_slice_lifetime ... ok
test queue::live::tests::timeout_capture_always_precedes_terminal_poison ... ok
test queue::live::tests::timeout_memory_errors_preserve_currentness_classification ... ok
test queue::live::tests::userptr_control_entry_failure_is_terminal_for_every_queue_backing ... ok
test queue::live::tests::userptr_inner_creation_failure_is_always_terminal ... ok
test queue::submit::tests::amd_aql_control_initialization_matches_the_reviewed_layout ... ok
test queue::submit::tests::barrier_backend_occupancy_shaped_errors_are_terminal_after_reservation ... ok
test queue::submit::tests::barrier_full_is_retryable_but_post_reservation_failure_is_terminal ... ok
test queue::submit::tests::batch_wrap_uses_exact_ordered_slots_and_last_packet_doorbell ... ok
test queue::submit::tests::batches_of_two_four_and_sixteen_use_one_reservation_and_one_doorbell ... ok
test queue::submit::tests::cwsr_headers_match_pinned_rocr_layout ... ok
test queue::submit::tests::every_batch_side_effect_failure_is_terminal_without_cleanup_or_retry ... ok
test queue::submit::tests::first_packet_uses_id_zero_and_exact_release_header ... ok
test queue::submit::tests::fixed_batch_of_8192_uses_one_fetch_add_and_one_final_doorbell ... ok
test queue::submit::tests::full_and_insufficient_batch_space_are_retryable_before_side_effects ... ok
test queue::submit::tests::full_regressed_and_replayed_counters_have_no_side_effect ... ok
test queue::submit::tests::invalid_ring_initialization_covers_every_logical_slot ... ok
test queue::submit::tests::postpublication_failure_poison_is_not_retryable ... ok
test queue::submit::tests::prepublication_currentness_failure_performs_no_store ... ok
test queue::submit::tests::write_counter_divergence_after_reservation_is_terminal ... ok
test queue::submit::tests::zero_dependency_barrier_uses_one_slot_and_exact_release_header ... ok
test queue::tests::ambiguous_unknown_id_globally_poisons_create_and_known_id_collision_is_retained ... ok
test queue::tests::backend_return_rejects_live_or_unreleased_queue_resources ... ok
test queue::tests::complete_lifecycle_projects_exact_history_and_releases_only_explicitly ... ok
test queue::tests::create_errno_semantics_and_malformed_outputs_fail_closed ... ok
test queue::tests::cumulative_history_capacity_rejects_before_currentness_or_ioctl ... ok
test queue::tests::every_noncreate_operation_classifies_failure_and_mutation_conservatively ... ok
test queue::tests::manifest_digest_is_exact ... ok
test queue::tests::native_create_boundary_callback_runs_once_and_only_after_preflight ... ok
test queue::tests::process_and_currentness_loss_never_issue_or_retry_lifecycle_calls ... ok
test queue::tests::queue_id_zero_and_positive_max_profile_id_are_both_admitted ... ok
test queue::tests::two_queue_keys_remain_independently_active_and_destroyable ... ok
test queue::tests::update_from_disabled_preserves_exact_resume_phase_on_no_effect ... ok
test queue_linux::tests::destroy_event_setter_owns_the_wire_record_not_reference_bytes ... ok
test queue_linux::tests::payload_is_unmapped_at_event_destroy_boundary_before_later_cleanup ... ok
test queue_linux::tests::payload_release_failure_after_event_destroy_is_process_terminal ...
running 1 test
test queue_linux::tests::payload_release_failure_after_event_destroy_is_process_terminal ... ok
test queue_linux::tests::process_runtime_context_multiplexes_independent_queue_leases ... ok
test queue_linux::tests::process_runtime_context_rejects_cross_process_and_poisoned_joins ... ok
test queue_linux::tests::queue_exception_observation_cannot_be_reused ... ok
test queue_linux::tests::runtime_queue_event_order_is_linear_and_hostile_reordering_fails ... ok
test queue_linux::tests::shadow_plan_is_exact_and_hostile_geometry_fails_closed ... ok
test queue_linux::tests::teardown_arm_attempt_after_admission_check_linearizes_after_lease ... ok
test queue_linux::tests::terminal_teardown_arm_clears_only_after_confirmed_success ... ok
test queue_linux::tests::timeout_diagnostic_admits_reason_but_rejects_malformed_shadow_state ... ok
test queue_linux::tests::unpublished_custody_cleanup_failure_is_process_terminal ...
running 1 test
test queue_linux::tests::unpublished_custody_cleanup_failure_is_process_terminal ... ok
test queue_linux::tests::unpublished_custody_unmaps_payload_on_early_return ... ok
test queue_linux::tests::unpublished_payload_is_unmapped_when_final_admission_fails ... ok
test queue_linux::tests::wait_and_payload_must_agree_and_unknown_reasons_are_rejected ... ok
test queue_resources::tests::backing_profiles_are_observations_not_current_memory_admission ... ok
test queue_resources::tests::every_capacity_input_is_checked_exactly ... ok
test queue_resources::tests::exact_gfx942_plan_matches_reviewed_formula ... ok
test queue_resources::tests::gfx950_target_cannot_reuse_gfx942_queue_resource_formula ... ok
test queue_resources::tests::hostile_ring_sizes_are_rejected ... ok
test queue_resources::tests::missing_or_changed_driver_parameters_fail_closed ... ok
test queue_resources::tests::profile_digest_and_composition_are_frozen ... ok
test queue_resources::tests::selector_partition_and_gpu_id_fail_closed ... ok
test sdma::tests::batch_publication_plan_has_one_exact_tail_for_fake_mmio ... ok
test sdma::tests::counter_and_generation_invariant_failures_are_terminal ... ok
test sdma::tests::directional_queue_ids_must_be_distinct ... ok
test sdma::tests::fixed_batch_geometry_has_unique_slots_across_wrap ... ok
test sdma::tests::gfx942_linear_copy_and_fence_match_the_pinned_packet_layout ... ok
test sdma::tests::invalid_sizes_addresses_and_completion_values_fail_closed ... ok
test sdma::tests::multi_queue_cursor_advances_only_after_complete_success ... ok
test sdma::tests::multi_queue_injected_coordinator_reports_exact_custody_and_cursor_outcomes ... ok
test sdma::tests::multi_queue_partial_progress_accounting_is_exact ... ok
test sdma::tests::multi_queue_plan_is_balanced_deterministic_fair_and_current ... ok
test sdma::tests::multi_queue_plan_rejects_invalid_duplicate_and_overcapacity_inputs ... ok
test sdma::tests::multi_queue_preflight_gate_rejects_hostile_ordering_without_publication ... ok
test sdma::tests::multi_queue_publication_requires_fully_prepared_private_custody ... ok
test sdma::tests::overlap_check_is_half_open_and_overflow_fail_closed ... ok
test sdma::tests::persistent_window_has_exclusive_occupancy_and_whole_window_retirement ... ok
test sdma::tests::persistent_window_packet_limits_and_ring_wrap_are_exact ... ok
test sdma::tests::persistent_window_publication_is_one_pointer_and_one_doorbell ... ok
test sdma::tests::pool_owner_and_generation_coordinates_are_exact ... ok
test sdma::tests::progress_counts_pending_without_device_clock_claim ... ok
test sdma::tests::sdma_copy_manifest_digest_is_frozen ... ok
test sdma::tests::single_copy_prepare_and_publication_are_stack_sized ... ok
test sdma::tests::striped_queue_count_is_closed_to_balanced_gfx942_inventory ... ok
test sdma::tests::striped_queue_cursor_is_deterministic_and_wraps ... ok
test sdma::tests::ticket_rejects_native_queue_id_reuse_across_queue_occurrences ... ok
test sdma::tests::xgmi_destroy_borrows_queue_until_native_destroy_succeeds ... ok
test sdma::tests::xgmi_post_completion_currentness_failure_retains_both_mappings ... ok
test sdma::tests::xgmi_timeout_failure_retains_the_exact_ticket ... ok
test semantic_observation::tests::destroy_links_queue_but_never_claims_dispatch_completion ... ok
test semantic_observation::tests::device_fingerprint_is_deterministic_scoped_and_commits_raw_facts ... ok
test semantic_observation::tests::every_capability_has_an_explicit_stable_status ... ok
test semantic_observation::tests::evidence_commits_redacted_raw_fields ... ok
test semantic_observation::tests::hostile_destroy_evidence_and_replay_fail_closed ... ok
test semantic_observation::tests::hostile_live_queue_fields_fail_closed ... ok
test semantic_observation::tests::manifest_digest_matches ... ok
test semantic_observation::tests::rejects_zero_scope_and_redacts_nonzero_scope_debug ... ok
test semantic_observation::tests::report_is_deterministic_scoped_fixed_size_and_authority_free ... ok
test shared_memory::tests::ambiguous_map_seal_and_free_are_terminal_without_retry ... ok
test shared_memory::tests::arbitrary_owned_bytes_still_reject_a_readback_mismatch ... ok
test shared_memory::tests::arbitrary_partial_write_quarantines_before_cpu_unmap_or_gpu_map ... ok
test shared_memory::tests::arbitrary_source_copy_and_distinct_verification_cover_partition_edges ... ok
test shared_memory::tests::arbitrary_source_has_one_preflight_hash_and_parallel_exact_readback ... ok
test shared_memory::tests::arbitrary_source_verification_rejects_partial_wrong_and_length_substitution ... ok
test shared_memory::tests::arbitrary_source_worker_spawn_and_panic_fail_closed_by_phase ... ok
test shared_memory::tests::bounds_and_aql_shape_fail_before_native_mutation ... ok
test shared_memory::tests::completion_arena_allocation_oom_requires_quarantined_teardown ... ok
test shared_memory::tests::device_memory_capacity_is_preflighted_and_success_reclaims_bytes ... ok
test shared_memory::tests::device_memory_free_and_va_release_ambiguity_are_never_retried ... ok
test shared_memory::tests::device_memory_lifecycle_is_linear_redacted_and_single_device ... ok
test shared_memory::tests::device_memory_map_and_unmap_ambiguity_retain_and_poison ... ok
test shared_memory::tests::device_memory_oom_retains_possible_native_authority_and_poison ... ok
test shared_memory::tests::device_memory_post_side_effect_currentness_failures_retain_and_poison ... ok
test shared_memory::tests::device_memory_profile_manifest_and_layout_are_frozen ... ok
test shared_memory::tests::device_memory_rejects_wrong_device_generation_and_address_overflow ... ok
test shared_memory::tests::dispatch_transfer_requires_exact_complete_distinct_mapped_lease_set ... ok
test shared_memory::tests::executable_probe_ring_uses_exact_allocation_and_release_span ... ok
test shared_memory::tests::failed_live_mutation_retains_one_reclaimable_model_loan ... ok
test shared_memory::tests::four_profiles_coexist_with_exact_flags_and_gfx942_aql_geometry ... ok
test shared_memory::tests::gfx942_production_and_executable_probe_rings_are_exact_one_span ... ok
test shared_memory::tests::initialization_source_preflight_rejects_digest_length_and_empty_substitution ... ok
test shared_memory::tests::initialization_source_preflight_rejects_mutation_before_ownership_transfer ... ok
test shared_memory::tests::internal_post_allocation_length_substitution_quarantines ... ok
test shared_memory::tests::later_allocation_failure_revokes_use_of_prior_tokens ... ok
test shared_memory::tests::live_foundation_loan_reclaims_concrete_allocation_lifecycle_updates ... ok
test shared_memory::tests::live_foundation_loan_survives_operation_and_retake_rejection_without_loss ... ok
test shared_memory::tests::live_queue_model_loan_requires_the_exact_move_only_token ... ok
test shared_memory::tests::mapped_coherent_subrange_copy_is_exact_and_generation_checked ... ok
test shared_memory::tests::overlap_kernel_output_and_cpu_address_substitution_quarantine_globally ... ok
test shared_memory::tests::private_role_subranges_reject_overlap_misalignment_and_overflow ... ok
test shared_memory::tests::public_device_initialization_plan_is_bounded_and_covers_uneven_extents ... ok
test shared_memory::tests::public_device_memory_initialization_checks_mapped_bytes_before_gpu_map ... ok
test shared_memory::tests::public_device_memory_mapping_failures_quarantine_without_gpu_publication ... ok
test shared_memory::tests::released_device_memory_does_not_consume_record_capacity ... ok
test shared_memory::tests::released_device_memory_rejects_forged_double_release_and_use ... ok
test shared_memory::tests::released_shared_allocations_do_not_consume_record_capacity ... ok
test shared_memory::tests::repeated_byte_fill_handles_empty_and_hostile_worker_bounds_without_panicking ... ok
test shared_memory::tests::repeated_byte_fill_threshold_keeps_small_inputs_serial ... ok
test shared_memory::tests::repeated_byte_initialization_fills_without_readback_and_releases_exact_extent ... ok
test shared_memory::tests::repeated_byte_worker_panic_becomes_a_typed_failure ... ok
test shared_memory::tests::repeated_byte_write_failure_quarantines_before_unmap_or_gpu_map ... ok
test shared_memory::tests::returned_dispatch_session_preserves_and_releases_the_exact_mapped_c3_lease ... ok
test shared_memory::tests::shared_allocation_identity_rejects_cross_session_substitution ... ok
test shared_memory::tests::shared_profile_manifest_is_frozen ... ok
test shared_memory::tests::userptr_allocation_currentness_failures_require_process_terminal_custody ... ok
test shared_memory::tests::userptr_aql_control_is_exact_same_va_coherent_page ... ok
test shared_memory::tests::userptr_aql_control_malformed_result_quarantines_without_cleanup ... ok
test shared_memory::tests::userptr_output_mmap_offset_is_opaque_and_not_collision_authority ... ok
test shared_memory::tests::userptr_probe_frees_bo_before_unmapping_original_vma ... ok
test shared_memory::tests::userptr_probe_native_failures_quarantine_without_reordered_cleanup ... ok
test shared_memory::tests::userptr_probe_ring_is_exact_one_x_registration ... ok
test shared_memory::tests::userptr_release_currentness_failures_retain_exact_terminal_custody ... ok
test shared_memory::tests::validated_initialization_source_takes_the_exact_box_without_copying ... ok
test shared_memory::tests::xgmi_map_errno_at_full_prefix_never_grants_copy_authority ... ok
test shared_memory::tests::xgmi_mapping_retries_only_advanced_prefixes_and_retains_canonical_roster ... ok
test shared_memory::tests::xgmi_peer_post_currentness_failure_retains_mapped_cleanup_authority ... ok
test shared_memory::tests::xgmi_peer_post_unmap_failure_retains_unmapped_free_authority ... ok
test shared_memory::tests::xgmi_unmap_errno_at_full_prefix_quarantines_without_release ... ok
test shared_memory::tests::xgmi_unmap_overshoot_is_indeterminate_and_quarantined ... ok
test shared_memory::tests::xgmi_unmap_regressed_prefix_is_indeterminate_and_quarantined ... ok
test stopped_state_v1::tests::bounded_empty_range_cursors_are_preserved_without_content_claims ... ok
test stopped_state_v1::tests::byte_limit_truncation_reads_and_retains_no_segment_prefix ... ok
test stopped_state_v1::tests::checkpoint_content_change_fails_closed ... ok
test stopped_state_v1::tests::checkpoint_identity_and_projection_bind_the_exact_capture_limit ... ok
test stopped_state_v1::tests::checkpoint_identity_binds_exact_queue_and_device_observations ... ok
test stopped_state_v1::tests::checkpoint_read_failure_and_header_reread_substitution_fail_closed ... ok
test stopped_state_v1::tests::debug_and_report_do_not_serialize_native_identifiers ... ok
test stopped_state_v1::tests::exact_gfx942_header_envelope_is_admitted_without_wave_claims ... ok
test stopped_state_v1::tests::hostile_geometry_reads_and_header_substitution_are_typed ... ok
test stopped_state_v1::tests::hostile_header_fields_fail_closed_to_typed_unavailability ... ok
test stopped_state_v1::tests::manifest_digest_and_bounds_are_frozen ... ok
test stopped_state_v1::tests::native_binding_substitution_includes_hidden_addresses ... ok
test stopped_state_v1::tests::opaque_checkpoint_debug_never_exposes_private_bytes ... ok
test stopped_state_v1::tests::proc_mem_exact_read_helper_rejects_short_and_faulted_reads ... ok
test stopped_state_v1::tests::zero_scope_is_rejected_and_debug_is_redacted ... ok
test target_debug_telemetry_v2::tests::completed_terminal_requires_an_exact_publication ... ok
test target_debug_telemetry_v2::tests::credential_bound_channel_accepts_typed_failure_before_publication ... ok
test target_debug_telemetry_v2::tests::generation_is_nonce_bound_nonzero_and_stable ... ok
test target_debug_telemetry_v2::tests::rejects_padding_checksum_geometry_and_generation_mutations ... ok
test target_debug_telemetry_v2::tests::v2_wire_round_trips_and_v1_length_is_unchanged ... ok
test tests::inherited_process_identity_is_rejected_before_an_ioctl ... ok
test tests::non_kfd_descriptor_cannot_produce_a_uapi_observation ... ok
test tests::observation_is_not_implicitly_admitted ... ok
test topology::tests::boot_id_parser_accepts_only_canonical_lowercase_uuid ... ok
test topology::tests::bounded_count_field_is_enforced ... ok
test topology::tests::bounded_node_count_is_enforced_before_node_reads ... ok
test topology::tests::directional_xgmi_routes_bind_exact_links_engines_and_generation ... ok
test topology::tests::duplicate_domain_location_is_rejected ... ok
test topology::tests::duplicate_gpu_id_is_rejected ... ok
test topology::tests::duplicate_property_is_rejected ... ok
test topology::tests::duplicate_render_minor_is_rejected ... ok
test topology::tests::duplicate_unique_id_is_rejected ... ok
test topology::tests::empty_gpu_set_is_rejected ... ok
test topology::tests::explicit_gfx950_discovery_preserves_eight_gpu_inventory_and_capacity ... ok
test topology::tests::explicit_targets_reject_mixed_and_wrong_inventories ... ok
test topology::tests::firmware_observations_are_required_and_bounded ... ok
test topology::tests::gfx950_discovery_does_not_skip_identity_validation ... ok
test topology::tests::gfx950_render_correlation_still_checks_device_identity ... ok
test topology::tests::invalid_module_srcversion_is_rejected ... ok
test topology::tests::kernel_release_parser_is_bounded_and_strict ... ok
test topology::tests::link_count_endpoint_and_index_are_strict ... ok
test topology::tests::malformed_numbers_are_rejected ... ok
test topology::tests::malformed_pci_revision_is_rejected ... ok
test topology::tests::node_symlink_is_rejected ... ok
test topology::tests::non_regular_property_file_is_rejected ... ok
test topology::tests::noncanonical_node_id_is_rejected ... ok
test topology::tests::oversized_properties_are_rejected ... ok
test topology::tests::property_symlink_is_rejected ... ok
test topology::tests::render_bdf_location_mismatch_is_rejected ... ok
test topology::tests::render_link_must_be_a_kernel_style_symlink ... ok
test topology::tests::render_node_is_correlated_to_unique_id_bdf_and_partitions ... ok
test topology::tests::render_symlink_cannot_escape_devices_root ... ok
test topology::tests::render_unique_id_mismatch_is_rejected ... ok
test topology::tests::route_admission_rejects_wrong_type_flags_mask_and_inventory ... ok
test topology::tests::sdma_capability_properties_are_additive_to_base_topology ... ok
test topology::tests::sdma_topology_capability_manifest_is_frozen ... ok
test topology::tests::strict_module_observation_reports_optional_fields ... ok
test topology::tests::terminal_root_symlink_is_rejected ... ok
test topology::tests::unknown_partition_mode_is_rejected ... ok
test topology::tests::unknown_property_is_rejected ... ok
test topology::tests::unknown_top_level_entry_is_rejected ... ok
test topology::tests::unsupported_target_is_rejected ... ok
test topology::tests::valid_fixture_produces_sorted_bounded_observations ... ok
test wait::tests::sustained_waits_progress_from_spin_to_yield_to_bounded_sleep ... ok
test wait::tests::zero_deadline_is_immediately_expired ... ok

test result: ok. 424 passed; 0 failed; 1 ignored; 0 measured; 0 filtered out; finished in 1.67s

     Running unittests src/lib.rs (/dev/shm/fe2o3-safe-launch230-20260917-QBQoVnWw/target/debug/deps/fe2o3_runtime-40a87b39e8642047)

running 275 tests
test async_engine::tests::abandoned_waiter_immediately_frees_capacity_for_another_event ... ok
test async_engine::tests::consuming_stop_wakes_outstanding_future_without_changing_custody ... ok
test async_engine::tests::context_command_panic_is_contained_without_stopping_the_engine ... ok
test async_engine::tests::context_command_reentry_is_rejected_without_deadlocking_the_engine ... ok
test async_engine::tests::destroyed_registered_stream_retains_validation_failure_and_stops ... ok
test async_engine::tests::dropping_a_future_never_releases_or_cancels_runtime_work ... ok
test async_engine::tests::dropping_progress_observers_never_cancels_or_releases_work ... ok
test async_engine::tests::dropping_registration_during_a_claimed_flush_allows_only_that_flush ... ok
test async_engine::tests::dropping_registration_removes_it_without_a_final_flush ... ok
test async_engine::tests::duplicate_and_over_capacity_waiters_fail_before_registration ... ok
test async_engine::tests::event_poll_and_progress_flush_share_one_worker_thread ... ok
test async_engine::tests::idle_registration_starts_flushing_after_a_later_submission ... ok
test async_engine::tests::invalid_config_retains_the_unstarted_context ... ok
test async_engine::tests::invalid_progress_config_retains_the_unstarted_context ... ok
test async_engine::tests::one_background_thread_wakes_a_registered_event_future ... ok
test async_engine::tests::one_engine_observes_out_of_order_completions_independently ... ok
test async_engine::tests::ordinary_spawn_remains_observation_only ... ok
test async_engine::tests::panicking_executor_waker_is_contained_and_other_waiters_complete ... ok
test async_engine::tests::progress_cursor_rotates_across_quiescent_abandoned_and_removed_streams ... ok
test async_engine::tests::progress_engine_flushes_only_registered_pending_streams ... ok
test async_engine::tests::progress_failure_count_saturates_without_losing_the_retained_failure ... ok
test async_engine::tests::progress_handle_and_worker_v4_v5_paths_are_send_compatible ... ok
test async_engine::tests::progress_registration_is_unique_bounded_and_context_checked ... ok
test async_engine::tests::progress_scan_has_an_independent_budget_and_cyclic_cursor ... ok
test async_engine::tests::queued_stop_with_active_registration_performs_no_final_backend_call ... ok
test async_engine::tests::retryable_progress_failures_are_retained_without_unregistering ... ok
test async_engine::tests::stop_beyond_the_command_budget_takes_effect_at_the_next_tick_boundary ... ok
test async_engine::tests::terminal_event_does_not_consume_pending_waiter_capacity ... ok
test async_engine::tests::terminal_event_poll_stops_progress_before_the_flush_phase ... ok
test async_engine::tests::terminal_progress_failure_is_exact_and_seals_all_engine_activity ... ok
test async_engine::tests::terminal_progress_failure_replaces_a_retained_retryable_failure ... ok
test async_engine::tests::waiter_scan_obeys_its_budget_and_rotates_in_event_order ... ok
test async_engine::tests::worker_panic_wakes_registered_futures_as_stopped ... ok
test authorized_execution::tests::completed_read_only_buffers_must_preserve_every_byte ... ok
test authorized_execution::tests::cooperative_debug_telemetry_emits_only_bounded_logical_records ... ok
test authorized_execution::tests::exact_worker_v3_runtime_bindings_are_required ... ok
test authorized_execution::tests::failed_session_end_is_explicit_and_terminal ... ok
test authorized_execution::tests::native_v2_buffer_rejection_emits_failed_not_completed ... ok
test authorized_execution::tests::native_v2_stale_post_completion_authority_emits_failed_not_completed ... ok
test authorized_execution::tests::native_v2_success_emits_completed_after_all_checks ... ok
test authorized_execution::tests::post_native_telemetry_failure_aborts ... ok
test authorized_execution::tests::pre_native_telemetry_failure_is_returned_and_poisoned ... ok
test authorized_execution::tests::telemetry_identities_bind_every_generic_kernel_and_allocation_axis ... ok
test context::tests::argument_encoder_outputs_are_bounded_before_binding_validation ... ok
test context::tests::async_copy_is_typed_validated_and_same_device ... ok
test context::tests::atomic_and_collective_contracts_gate_ordinary_typed_submissions ... ok
test context::tests::callback_panics_are_contained_and_stream_quiescence_has_typed_status ... ok
test context::tests::cancellation_distinguishes_prepublication_quiescence_from_too_late ... ok
test context::tests::cancellation_is_typed_and_callbacks_are_not_repeated_by_drain_or_release ... ok
test context::tests::compare_exchange_contract_requires_a_legal_failure_order_and_explicit_weakness ... ok
test context::tests::duplicate_backend_handles_terminally_seal_every_handle_producing_operation ... ok
test context::tests::event_and_submission_observation_share_one_exact_once_completion ... ok
test context::tests::execution_capability_detail_defaults_closed_and_reports_opt_in_bits ... ok
test context::tests::exhausted_facade_identity_prevents_backend_resource_creation ... ok
test context::tests::facade_rejects_oversized_backend_descriptions_and_kernel_symbols ... ok
test context::tests::flush_stream_validates_before_backend_and_preserves_failure_class ... ok
test context::tests::launch_rejects_invalid_or_nonzero_pointer_patches ... ok
test context::tests::module_image_limit_matches_hsaco_and_accepts_its_exact_boundary ... ok
test context::tests::one_context_multiplexes_streams_across_devices ... ok
test context::tests::opaque_handles_with_equal_local_ids_never_cross_contexts ... ok
test context::tests::peer_copy_bounds_dependencies_and_admits_source_device_events ... ok
test context::tests::peer_copy_identity_includes_the_private_context_brand ... ok
test context::tests::peer_copy_moves_between_distinct_devices ... ok
test context::tests::quiescent_stream_failure_allows_dependent_cleanup_and_retains_stream ... ok
test context::tests::rejected_event_cleanup_blocks_module_and_allocation_release ... ok
test context::tests::rejected_stream_cleanup_retains_dependencies_and_can_retry ... ok
test context::tests::retained_submission_cannot_reach_backend_after_its_stream_is_destroyed ... ok
test context::tests::shutdown_quiesces_streams_before_releasing_dependent_resources ... ok
test context::tests::stream_observation_retains_failure_while_other_work_completes ... ok
test context::tests::stream_query_and_synchronize_preserve_aggregate_completion ... ok
test context::tests::stream_synchronize_continues_after_quiescent_wait_but_stops_on_terminal_wait ... ok
test context::tests::stream_synchronize_continues_after_rejected_wait_and_discharges_later_callbacks ... ok
test context::tests::submission_release_is_consuming_retryable_and_requires_quiescence ... ok
test context::tests::terminal_backend_failure_marks_the_context_lost ... ok
test context::tests::terminal_cleanup_stops_calls_and_retains_unprocessed_resources ... ok
test context::tests::terminal_flush_seals_context_without_a_second_backend_call ... ok
test context::tests::typed_completion_distinguishes_backend_codes_from_cancellation ... ok
test context::tests::typed_kernel_identity_commits_to_module_target_symbol_and_signature ... ok
test context::tests::typed_launch_memory_event_and_dependency_flow_is_address_free ... ok
test context::tests::wait_rejects_unrepresentable_deadline ... ok
test context::tests::zero_backend_handles_terminally_seal_every_handle_producing_operation ... ok
test kfd_backend::kfd_backend_sdma_seam::window_tests::ordered_window_validation_rejects_reorder_duplicates_and_noncanonical_packets ... ok
test kfd_backend::tests::capability_inventory_is_fail_closed ... ok
test kfd_backend::tests::complete_writes_cache_content_evidence_and_partial_writes_invalidate_it ... ok
test kfd_backend::tests::cooperative_copy_backend_enforces_dependency_capacity ... ok
test kfd_backend::tests::cooperative_copy_dependency_depth_is_bounded_before_publication ... ok
test kfd_backend::tests::cooperative_copy_dependency_retains_prior_submission_until_completion ... ok
test kfd_backend::tests::cooperative_copy_dependency_translation_is_observational ... ok
test kfd_backend::tests::cooperative_copy_index_overflow_rejects_before_publication ... ok
test kfd_backend::tests::cooperative_copy_indexes_track_fan_out_and_quiescence_exactly ... ok
test kfd_backend::tests::cooperative_copy_poll_is_observational_and_flush_drives_fifo_fan_in ... ok
test kfd_backend::tests::cooperative_copy_rejects_both_out_of_bounds_ranges_before_publication ... ok
test kfd_backend::tests::cooperative_copy_rejects_native_allocation_custody_before_mutation ... ok
test kfd_backend::tests::cooperative_copy_terminal_failure_latches_and_retains_custody ... ok
test kfd_backend::tests::cooperative_same_stream_overlap_uses_transitive_fifo_tail ... ok
test kfd_backend::tests::cooperative_staging_budget_rejects_before_publication_and_releases_at_quiescence ... ok
test kfd_backend::tests::deadline_wait_returns_pending_without_a_poll_budget_loop ... ok
test kfd_backend::tests::deadline_wait_stops_on_success ... ok
test kfd_backend::tests::direct_kfd_active_compute_custody_is_exact_per_lane ... ok
test kfd_backend::tests::direct_kfd_active_sdma_stream_index_retains_and_releases_fifo ... ok
test kfd_backend::tests::direct_kfd_allocation_custody_is_bounded_and_fifo_indexed ... ok
test kfd_backend::tests::direct_kfd_alternating_compute_copy_dependency_chain_is_bounded ... ok
test kfd_backend::tests::direct_kfd_blocked_target_progress_roster_includes_both_lanes ... ok
test kfd_backend::tests::direct_kfd_cancelled_tail_restores_earlier_stream_head ... ok
test kfd_backend::tests::direct_kfd_cancels_only_an_unpublished_dependency_waiter ... ok
test kfd_backend::tests::direct_kfd_compute_sdma_overlap_is_allocation_scoped ... ok
test kfd_backend::tests::direct_kfd_copy_cannot_pass_unpublished_cross_stream_compute ... ok
test kfd_backend::tests::direct_kfd_copy_stream_tail_cannot_exceed_dependency_bound ... ok
test kfd_backend::tests::direct_kfd_execution_capabilities_claim_native_queue_concurrency ... ok
test kfd_backend::tests::direct_kfd_flush_covers_dependency_ready_unpublished_sdma ... ok
test kfd_backend::tests::direct_kfd_flush_does_not_treat_later_same_stream_owner_as_conflict ... ok
test kfd_backend::tests::direct_kfd_flush_rejects_published_conflict_before_observation ... ok
test kfd_backend::tests::direct_kfd_flush_rejects_unknown_stream_without_mutation ... ok
test kfd_backend::tests::direct_kfd_flush_reports_quiescent_compute_prepublication_failure ... ok
test kfd_backend::tests::direct_kfd_invalid_host_ranges_do_not_reconcile_dirty_authority ... ok
test kfd_backend::tests::direct_kfd_logical_streams_lease_two_native_lanes_deterministically ... ok
test kfd_backend::tests::direct_kfd_native_copy_requires_initialization_and_scrub_retains_custody ... ok
test kfd_backend::tests::direct_kfd_partial_sdma_continuation_is_observed_and_not_cancellable ... ok
test kfd_backend::tests::direct_kfd_poll_never_prepares_dependency_ready_queued_compute ... ok
test kfd_backend::tests::direct_kfd_poll_never_publishes_dependency_ready_sdma ... ok
test kfd_backend::tests::direct_kfd_quiescent_copy_marker_has_no_live_custody ... ok
test kfd_backend::tests::direct_kfd_quiescent_marker_capacity_covers_every_reserved_result ... ok
test kfd_backend::tests::direct_kfd_rebind_requires_synchronizing_detach_for_disjoint_or_new_shape ... ok
test kfd_backend::tests::direct_kfd_sdma_capacity_rejection_precedes_native_reconciliation ... ok
test kfd_backend::tests::direct_kfd_sdma_dependency_depth_is_bounded_before_mutation ... ok
test kfd_backend::tests::direct_kfd_sdma_direction_preflight_is_explicit ... ok
test kfd_backend::tests::direct_kfd_sdma_submit_defers_dirty_native_reconciliation ... ok
test kfd_backend::tests::direct_kfd_sdma_window_plan_covers_256_mib_as_63_plus_2_packets ... ok
test kfd_backend::tests::direct_kfd_sdma_window_plan_honors_packet_boundaries ... ok
test kfd_backend::tests::direct_kfd_spi_enforces_kernarg_and_binding_bounds_before_custody ... ok
test kfd_backend::tests::direct_kfd_stream_tail_cannot_exceed_dependency_bound ... ok
test kfd_backend::tests::direct_kfd_submission_capacity_counts_compute_sdma_and_completed ... ok
test kfd_backend::tests::direct_kfd_unsupported_copy_direction_is_mutation_free ... ok
test kfd_backend::tests::direct_kfd_wait_does_not_enter_fixed_wait_for_native_dirty_publication ... ok
test kfd_backend::tests::direct_kfd_wait_observes_but_does_not_prepare_queued_predecessors ... ok
test kfd_backend::tests::direct_kfd_zero_progress_failure_is_conclusive_without_marker ... ok
test kfd_backend::tests::later_chunk_rejection_is_quiescent_after_prior_device_publication ... ok
test kfd_backend::tests::launch_authority_panic_fails_before_publication_and_releases_custody ... ok
test kfd_backend::tests::launch_snapshot_copies_only_the_alignment_preserving_bound_window ... ok
test kfd_backend::tests::live_event_retains_completed_submission_state ... ok
test kfd_backend::tests::logical_stream_destroy_and_recreate_preserves_backend_lifecycle ... ok
test kfd_backend::tests::logical_streams_and_events_enforce_submission_ownership ... ok
test kfd_backend::tests::multi_device_cancellation_before_destination_write_releases_exact_custody ... ok
test kfd_backend::tests::multi_device_cancellation_is_too_late_after_first_destination_write ... ok
test kfd_backend::tests::multi_device_poll_and_expired_wait_leave_cooperative_copy_for_explicit_flush ... ok
test kfd_backend::tests::multi_device_route_exhaustion_precedes_child_mutation ... ok
test kfd_backend::tests::multi_device_router_cooperatively_copies_on_one_device ... ok
test kfd_backend::tests::multi_device_router_host_stages_peer_copy_and_preserves_event_custody ... ok
test kfd_backend::tests::multi_device_router_latches_a_child_terminal_failure_globally ... ok
test kfd_backend::tests::multi_device_router_rejects_invalid_peer_access_before_copy ... ok
test kfd_backend::tests::multi_device_router_rejects_peer_copy_on_the_source_stream ... ok
test kfd_backend::tests::native_copy_rejects_parent_cooperative_allocation_custody_before_child_call ... ok
test kfd_backend::tests::native_xgmi_batch_selection_is_ready_directional_bounded_and_ordered ... ok
test kfd_backend::tests::native_xgmi_cancellation_and_shutdown_preserve_phase_custody ... ok
test kfd_backend::tests::native_xgmi_completed_ticket_bypasses_a_large_ready_backlog ... ok
test kfd_backend::tests::native_xgmi_completion_slots_cover_every_outstanding_submission ... ok
test kfd_backend::tests::native_xgmi_dependency_and_pending_ownership_rules_are_bounded ... ok
test kfd_backend::tests::native_xgmi_flush_admission_is_complete_bounded_and_nonmutating ... ok
test kfd_backend::tests::native_xgmi_pair_and_capability_admission_fail_closed ... ok
test kfd_backend::tests::native_xgmi_partial_reverse_restoration_keeps_each_restored_owner_indexed ... ok
test kfd_backend::tests::native_xgmi_peer_admission_binds_direction_and_rejects_hostile_ranges ... ok
test kfd_backend::tests::native_xgmi_ready_and_in_flight_indexes_remain_bounded_under_stress ... ok
test kfd_backend::tests::native_xgmi_recoverable_batch_failure_settles_every_logical_owner ... ok
test kfd_backend::tests::native_xgmi_recoverable_prefix_restoration_preserves_fifo_order ... ok
test kfd_backend::tests::peer_copy_is_explicitly_rejected ... ok
test kfd_backend::tests::productive_pending_polls_do_not_enter_wait_backoff ... ok
test kfd_backend::tests::profiler_content_identity_mode_is_explicit_in_every_host_record ... ok
test kfd_backend::tests::profiler_enable_rejects_a_logically_clean_but_used_backend ... ok
test kfd_backend::tests::profiler_enable_rejects_a_shutdown_backend ... ok
test kfd_backend::tests::profiler_loss_is_bounded_and_freezes_a_valid_prefix ... ok
test kfd_backend::tests::profiler_projection_retains_exact_atomic_and_collective_contracts ... ok
test kfd_backend::tests::profiler_records_complete_address_free_runtime_lifecycle ... ok
test kfd_backend::tests::profiler_timestamp_retrieval_requires_cleanup_and_preserves_runtime_custody ... ok
test kfd_backend::tests::runtime_context_composes_multi_device_peer_copy_and_cleanup ... ok
test kfd_backend::tests::scripted_sdma_chunk_n_download_and_shadow_failure_are_quiescent ... ok
test kfd_backend::tests::scripted_sdma_chunk_n_upload_and_zero_failures_mark_device_shadow_dirty ... ok
test kfd_backend::tests::scripted_sdma_clean_retry_after_prior_window_progress_is_quiescent ... ok
test kfd_backend::tests::scripted_sdma_cross_driver_and_mixed_pair_mismatches_retain_without_consuming_fifo ... ok
test kfd_backend::tests::scripted_sdma_demotion_and_recycle_recovery_are_retryable_without_loss ... ok
test kfd_backend::tests::scripted_sdma_demotion_and_submit_teardown_retain_exact_runtime_custody ... ok
test kfd_backend::tests::scripted_sdma_dependency_pending_is_observed_without_publication ... ok
test kfd_backend::tests::scripted_sdma_device_release_executes_scrub_before_demotion_and_recycle ... ok
test kfd_backend::tests::scripted_sdma_drop_still_aborts_with_live_or_terminal_custody ...
running 1 test
test kfd_backend::tests::scripted_sdma_drop_still_aborts_with_live_or_terminal_custody ...
running 1 test
test kfd_backend::tests::scripted_sdma_drop_still_aborts_with_live_or_terminal_custody ... ok
test kfd_backend::tests::scripted_sdma_hidden_zero_failure_cleans_unreachable_allocation ... ok
test kfd_backend::tests::scripted_sdma_host_read_and_ambiguous_recycle_follow_runtime_policy ... ok
test kfd_backend::tests::scripted_sdma_initial_submit_retry_is_conclusive_and_releasable ... ok
test kfd_backend::tests::scripted_sdma_metadata_and_retirement_failures_retain_terminal_custody ... ok
test kfd_backend::tests::scripted_sdma_multi_packet_window_completes_as_one_owned_transition ... ok
test kfd_backend::tests::scripted_sdma_poll_pending_retry_and_completion_preserve_facade_owner ... ok
test kfd_backend::tests::scripted_sdma_poll_teardown_and_sync_timeout_fail_closed_with_custody ... ok
test kfd_backend::tests::scripted_sdma_promotion_retry_and_teardown_preserve_exact_custody ... ok
test kfd_backend::tests::scripted_sdma_window_aggregate_offset_substitution_is_terminal ... ok
test kfd_backend::tests::scripted_sdma_window_reordered_completion_is_terminal_with_exact_custody ... ok
test kfd_backend::tests::semantic_contract_is_part_of_recycled_dispatch_identity ... ok
test kfd_backend::tests::semantic_profiles_control_both_capability_layers_fail_closed ... ok
test kfd_backend::tests::semantic_rejections_precede_scheduler_custody_and_handle_allocation ... ok
test kfd_backend::tests::semantic_sidecar_finish_rejection_preserves_ordinary_v1_profiler ... ok
test kfd_backend::tests::semantic_timestamp_v2_requires_explicit_sidecar_enablement ... ok
test kfd_backend::tests::staged_allocation_capacity_failure_is_fallible ... ok
test kfd_backend::tests::staged_allocations_are_bounded_and_round_trip ... ok
test kfd_backend::tests::staging_budgets_reject_before_allocation_and_release_exact_accounting ... ok
test kfd_backend::tests::stalled_pending_polls_still_enter_wait_backoff ... ok
test kfd_backend::tests::synthetic_kfd_async_copy_is_explicitly_unsupported ... ok
test kfd_backend::tests::terminal_state_stays_terminal_across_the_spi ... ok
test kfd_backend::tests::unticketed_xgmi_dependency_failure_is_observable_without_publication ... ok
test kfd_backend::tests::valid_cov6_module_reaches_cached_launch_and_native_acquisition_boundary ... ok
test kfd_profile::tests::frozen_v1_recorder_does_not_allocate_or_require_semantic_sidecar_state ... ok
test kfd_profile::tests::maximal_binding_events_freeze_before_the_wire_byte_limit ... ok
test kfd_profile::tests::native_timestamp_bundle_keeps_exact_retained_event_identity ... ok
test kfd_profile::tests::semantic_recorder_binds_contract_to_retained_dispatch_publication ... ok
test kfd_profile::tests::semantic_recorder_rejects_contract_beside_non_publication_event ... ok
test tests::ceil_division_is_exact_at_and_after_boundaries ... ok
test tests::dispatch_contract_is_deterministic_and_binds_every_runtime_axis ... ok
test tests::geometry_hidden_values_are_derived_without_native_addresses ... ok
test tests::optional_runtime_pointers_are_zero_and_gfx8_apertures_reject ... ok
test tests::resource_validation_checks_workgroup_limit_and_required_shape ... ok
test tests::resource_validation_rejects_oversized_multidimensional_workgroups_without_panic ... ok
test worker::tests::async_progress_v4_worker_deadline_seals_registration_event_and_context ... ok
test worker::tests::async_progress_v4_worker_flush_completes_deferred_event ... ok
test worker::tests::async_progress_v5_worker_flush_completes_deferred_atomic_event ... ok
test worker::tests::async_progress_v5_worker_terminal_and_eof_seal_every_observer ... ok
test worker::tests::blocked_request_write_obeys_absolute_deadline_and_reaps_the_worker ... ok
test worker::tests::canonical_byte_response_limit_fits_the_frame_exactly ... ok
test worker::tests::canonical_codec_and_dispatcher_cover_every_backend_operation ... ok
test worker::tests::canonical_codec_preserves_backend_failure_classes ... ok
test worker::tests::canonical_v1_server_accepts_an_admitted_immediate_progress_backend ... ok
test worker::tests::decoded_terminal_failure_seals_the_worker_backend ... ok
test worker::tests::delayed_worker_request_transit_cannot_extend_wait_deadline ... ok
test worker::tests::delayed_worker_response_cannot_extend_wait_deadline ... ok
test worker::tests::expired_worker_wait_is_pending_without_publishing_a_request ... ok
test worker::tests::failed_worker_shutdown_disconnects_full_response_channel ... ok
test worker::tests::non_worker_is_rejected_during_handshake ... ok
test worker::tests::older_dispatchers_reject_newer_extensions_and_v4_rejects_malformed_flush ... ok
test worker::tests::oversized_and_truncated_frames_fail_closed ... ok
test worker::tests::response_shape_mismatch_seals_the_worker_backend ... ok
test worker::tests::server_emits_handshake_processes_requests_and_stops_on_empty_frame ... ok
test worker::tests::terminal_worker_drop_disconnects_full_response_channel ... ok
test worker::tests::terminal_worker_shutdown_disconnects_full_response_channel ... ok
test worker::tests::v1_backend_rejects_v4_handshake ... ok
test worker::tests::v1_empty_codec_request_seals_child_before_any_later_request ... ok
test worker::tests::v4_additive_codec_and_dispatcher_preserve_bounds_and_failure_classes ... ok
test worker::tests::v4_additive_dispatcher_rejects_trailing_and_malformed_requests ... ok
test worker::tests::v4_and_v5_server_bounds_preserve_native_xgmi_hosting ... ok
test worker::tests::v4_backend_exposes_portable_flush_through_runtime_context ... ok
test worker::tests::v4_backend_flushes_and_shuts_down_over_child_process ... ok
test worker::tests::v4_backend_interoperates_with_pinned_pre_semantic_profile ... ok
test worker::tests::v4_backend_preserves_additive_surfaces_over_child_process ... ok
test worker::tests::v4_backend_rejects_v1_v5_and_unknown_version_handshakes ... ok
test worker::tests::v4_backend_server_dispatches_flush_after_exact_handshake ... ok
test worker::tests::v4_decoded_terminal_flush_failure_reaps_and_seals_the_worker ... ok
test worker::tests::v4_empty_codec_request_seals_child_before_any_later_request ... ok
test worker::tests::v4_flush_codec_is_bounded_and_preserves_failure_classes ... ok
test worker::tests::v4_flush_deadline_failure_reaps_and_seals_the_worker ... ok
test worker::tests::v4_invalid_request_deadline_reaps_and_seals_the_worker ... ok
test worker::tests::v4_quiescent_copy_marker_preserves_proxy_and_exact_release_over_three_child_cycles ... ok
test worker::tests::v4_server_emits_only_the_v4_handshake ... ok
test worker::tests::v4_terminal_capability_response_reaps_and_preserves_fail_closed_cache ... ok
test worker::tests::v4_zero_async_copy_handle_reaps_and_seals_the_worker ... ok
test worker::tests::v5_backend_carries_exact_semantic_contracts_and_failure_classes_over_child_process ... ok
test worker::tests::v5_backend_rejects_v1_v4_malformed_and_unknown_handshakes ... ok
test worker::tests::v5_backend_rejects_wrong_or_invalid_semantics_before_child_custody ... ok
test worker::tests::v5_backend_server_dispatches_semantics_after_exact_handshake ... ok
test worker::tests::v5_empty_semantic_request_seals_child_before_any_later_request ... ok
test worker::tests::v5_malformed_semantic_response_reaps_and_seals_child ... ok
test worker::tests::v5_quiescent_copy_marker_preserves_semantic_proxy_and_release_over_three_child_cycles ... ok
test worker::tests::v5_semantic_codec_preserves_exact_contracts_and_failure_classes ... ok
test worker::tests::v5_semantic_dispatch_rejects_malformed_contracts_before_backend_custody ... ok
test worker::tests::v5_semantic_response_timeout_reaps_and_seals_child ... ok
test worker::tests::v5_server_emits_only_the_v5_handshake ... ok
test worker::tests::worker_backend_codec_drives_context_and_cleanup_over_child_process ... ok
test worker::tests::worker_drop_disconnects_full_response_channel ... ok
test worker::tests::worker_shutdown_disconnects_full_response_channel ... ok
test worker::tests::worker_shutdown_rejects_deadline_overflow ... ok
test worker::tests::worker_termination_disconnects_full_response_channel ... ok
test worker::tests::worker_wait_reserves_response_grace_inside_parent_deadline ... ok

test result: ok. 275 passed; 0 failed; 0 ignored; 0 measured; 0 filtered out; finished in 23.92s

     Running unittests src/lib.rs (/dev/shm/fe2o3-safe-launch230-20260917-QBQoVnWw/target/debug/deps/fe2o3_verifier-39f1868f4eb9797c)

running 122 tests
test authenticated_execution::tests::authenticated_result_rejects_malformed_and_substituted_bindings ... ok
test authenticated_execution::tests::canonical_transcript_has_a_stable_golden_digest ... ok
test authenticated_execution::tests::every_authenticated_result_truncation_and_trailing_byte_is_rejected ... ok
test authenticated_execution::tests::result_length_and_field_order_are_canonical ... ok
test authenticated_execution::tests::stale_result_replay_is_rejected_by_fresh_challenge ... ok
test authenticated_verus_execution_v2::platform::tests::canonical_filter_bytes_change_when_process_denial_is_weakened ... ok
test authenticated_verus_execution_v2::platform::tests::canonical_policy_binds_every_child_trampoline_byte ... ok
test authenticated_verus_execution_v2::platform::tests::canonical_policy_binds_exact_ptrace_checkpoint_bytes ... ok
test authenticated_verus_execution_v2::platform::tests::clone3_raw_negative_results_preserve_exact_errno ... ok
test authenticated_verus_execution_v2::platform::tests::controller_status_rejects_every_inherited_seccomp_filter ... ok
test authenticated_verus_execution_v2::platform::tests::controller_status_rejects_root_unequal_credentials_and_active_capabilities ... ok
test authenticated_verus_execution_v2::platform::tests::kill_failure_never_enters_a_blocking_wait_or_poll ... ok
test authenticated_verus_execution_v2::platform::tests::limit_parser_rejects_missing_values_and_preserves_exact_soft_hard_limits ... ok
test authenticated_verus_execution_v2::platform::tests::pidfd_ptrace_notifications_are_not_terminal_events ... ok
test authenticated_verus_execution_v2::platform::tests::pre_exec_status_wait_is_bounded_by_the_stage_deadline ... ok
test authenticated_verus_execution_v2::platform::tests::ptrace_checkpoint_accepts_only_exact_interrupt_event_stop ... ok
test authenticated_verus_execution_v2::platform::tests::sparse_near_limit_file_hashing_uses_a_fixed_controller_buffer ... ok
test compiler_multi_root_proof_v1::tests::multi_root_decoder_rejects_ordinary_aggregate_results ... ok
test compiler_multi_root_proof_v1::tests::multi_root_rejects_rust_call_even_when_expansion_has_no_parameters ... ok
test compiler_multi_root_proof_v1::tests::nested_formal_consumer_preserves_each_format_and_exact_root_binding ... ok
test compiler_multi_root_proof_v1::tests::proof_rosters_require_exact_cross_kind_metadata ... ok
test compiler_multi_root_target_lineage_v1::tests::exact_root_coordinate_join_is_accepted ... ok
test compiler_multi_root_target_lineage_v1::tests::root_join_rejects_absent_replayed_workgroup ... ok
test compiler_multi_root_target_lineage_v1::tests::root_join_rejects_each_cross_spliced_axis ... ok
test compiler_proof_binding_v3::rust_call_parameter_tests::frozen_result_envelope_preserves_exact_wrappers_and_rejects_cross_body_calls ... ok
test compiler_proof_binding_v3::rust_call_parameter_tests::v4_function_binding_rejects_ordinary_singleton_and_pair_results ... ok
test compiler_proof_binding_v3::rust_call_parameter_tests::v4_function_binding_requires_an_actual_kernel_entry ... ok
test compiler_proof_binding_v3::rust_call_parameter_tests::v4_parameter_envelope_rejects_singleton_projection_independently_of_rows ... ok
test compiler_proof_binding_v3::rust_call_parameter_tests::v4_rejects_rust_call_even_when_expansion_has_no_parameters ... ok
test functional_refinement_receipt_v2::reviewed_host_tests::generated_effect_binds_coordinates_domains_preconditions_and_value ... ok
test functional_refinement_receipt_v2::reviewed_host_tests::generated_ieee_operator_congruence_uses_quantified_function_parameter ... ok
test functional_refinement_receipt_v2::reviewed_host_tests::generated_library_groups_nested_bitwise_not_operands ... ok
test functional_refinement_receipt_v2::reviewed_host_tests::protected_ieee_operator_congruence_imports_bound_receipt ... ignored, requires the installed root-owned pinned functional-refinement runtime
test functional_refinement_receipt_v2::reviewed_host_tests::protected_ieee_operator_mutation_rejects_bound_receipt ... ignored, requires the installed root-owned pinned functional-refinement runtime
test functional_refinement_receipt_v2::reviewed_host_tests::protected_ranked_effect_executes_and_imports_bound_receipt ... ignored, requires the installed root-owned pinned functional-refinement runtime
test functional_refinement_receipt_v2::reviewed_host_tests::protected_ranked_effect_rejects_coordinate_mismatch ... ignored, requires the installed root-owned pinned functional-refinement runtime
test functional_refinement_receipt_v2::reviewed_host_tests::protected_ranked_scalar_prepares_bound_receipt ... ignored, requires the installed root-owned pinned functional-refinement runtime
test functional_refinement_receipt_v2::reviewed_host_tests::protected_ranked_scalar_rejects_semantic_mismatch ... ignored, requires the installed root-owned pinned functional-refinement runtime
test functional_refinement_receipt_v2::tests::bitvector_generator_interprets_wrapping_arithmetic_instead_of_tagging_it ... ok
test functional_refinement_receipt_v2::tests::bitvector_renderer_covers_the_closed_integer_and_boolean_operator_set ... ok
test functional_refinement_receipt_v2::tests::dynamic_checked_overflow_fails_closed_at_ranked_admission ... ok
test functional_refinement_receipt_v2::tests::numerical_generator_rejects_the_unsound_exact_fallback ... ok
test functional_refinement_receipt_v2::tests::only_exact_nonzero_verified_success_is_proved ... ok
test functional_refinement_receipt_v2::tests::overdeep_formula_dag_fails_before_source_construction ... ok
test functional_refinement_receipt_v2::tests::oversized_semantic_inventory_fails_before_source_construction ... ok
test functional_refinement_receipt_v2::tests::shared_formula_dag_renders_once_per_node ... ok
test functional_refinement_receipt_v2::tests::typed_expression_generator_traverses_transcripts_and_binds_mutations ... ok
test functional_refinement_receipt_v2::tests::typed_generator_derives_source_and_mutation_from_ranked_formula_dag ... ok
test functional_refinement_receipt_v2::tests::unexpected_proof_diagnostics_are_bounded_and_escape_control_characters ... ok
test functional_refinement_runtime_v1::tests::protected_public_lease_executes_real_verus ... ignored, requires the installed root-owned pinned functional-refinement runtime
test functional_refinement_runtime_v1::tests::protected_public_lease_rejects_false_proof ... ignored, requires the installed root-owned pinned functional-refinement runtime
test generated_verus_proof_input_v3::tests::canonical_source_has_stable_content_identity_without_authority ... ok
test generated_verus_proof_input_v3::tests::malformed_noncanonical_and_unbounded_sources_fail_closed ... ok
test mir_pliron_per_compilation_verus_v1::tests::aggregate_formula_replay_has_a_conservative_whole_compilation_output_limit ... ok
test mir_pliron_per_compilation_verus_v1::tests::exact_output_replays_the_role_bound_ranked_formula_without_relation_premises ... ok
test mir_pliron_per_compilation_verus_v1::tests::finite_error_never_falls_back_to_exact_integer_or_sequence_equality ... ok
test mir_pliron_per_compilation_verus_v1::tests::generated_composition_template_is_canonical_and_workload_neutral ... ok
test mir_pliron_per_compilation_verus_v1::tests::generated_source_identity_changes_for_any_bound_comment_substitution ... ok
test mir_pliron_per_compilation_verus_v1::tests::generated_two_output_replay_and_output_one_substitution_match_pinned_fixtures ... ok
test mir_pliron_per_compilation_verus_v1::tests::obligation_binds_every_contract_subject_source_and_receipt_identity ... ok
test mir_pliron_per_compilation_verus_v1::tests::schedules_without_replayable_formula_roles_fail_closed ... ok
test mir_pliron_per_compilation_verus_v1::tests::stale_or_swapped_effect_receipt_role_has_no_formula_to_replay ... ok
test mir_pliron_per_compilation_verus_v1::tests::tensor_component_receipt_never_grants_unreplayed_aggregate_authority ... ok
test mir_pliron_per_compilation_verus_v1::tests::unavailable_retained_runtime_fails_closed_before_execution ... ok
test mir_pliron_verus_execution_evidence_v1::tests::every_prefix_trailing_byte_and_unrehashed_mutation_fail_closed ... ok
test mir_pliron_verus_execution_evidence_v1::tests::rehashed_key_and_signed_wire_substitutions_still_fail_receipt_import ... ok
test mir_pliron_verus_execution_evidence_v1::tests::signed_execution_evidence_roundtrips_and_retains_no_later_authority ... ok
test mir_pliron_verus_execution_evidence_v1::tests::zero_report_identity_and_zero_retained_staging_are_rejected ... ok
test persistent_freshness::linux::tests::crash_recovery_applies_or_finalizes_every_durable_intent ... ok
test persistent_freshness::linux::tests::cross_process_lock_contention_fails_closed ... ok
test persistent_freshness::linux::tests::deleted_state_cannot_reinitialize_or_replay ... ok
test persistent_freshness::linux::tests::fork_inherited_transaction_cannot_unlock_or_consume ... ok
test persistent_freshness::linux::tests::fresh_transaction_descriptor_detects_lock_name_substitution ... ok
test persistent_freshness::linux::tests::independently_replayed_transcript_and_result_are_rejected ... ok
test persistent_freshness::linux::tests::initialization_consumption_and_restart_are_durable ... ok
test persistent_freshness::linux::tests::interrupted_initial_state_publication_recovers_without_resetting_namespace ... ok
test persistent_freshness::linux::tests::oversized_malformed_trailing_and_ambiguous_recovery_files_are_rejected ... ok
test persistent_freshness::linux::tests::recovery_rejects_an_intent_from_another_ledger_namespace ... ok
test persistent_freshness::linux::tests::subprocess_consume_same_identity ... ignored
test persistent_freshness::linux::tests::subprocess_hold_lock ... ignored
test persistent_freshness::linux::tests::subprocess_rejects_fork_inherited_transaction ... ignored
test persistent_freshness::linux::tests::symlinks_nonregular_files_hardlinks_and_broad_permissions_fail_closed ... ok
test persistent_freshness::linux::tests::two_processes_cannot_consume_the_same_identity ... ok
test persistent_freshness::linux::tests::unpublished_intent_is_validated_then_discarded ... ok
test persistent_freshness::tests::duplicate_zero_and_noncanonical_state_identities_are_rejected ... ok
test persistent_freshness::tests::every_truncation_trailing_byte_and_single_bit_mutation_is_rejected ... ok
test persistent_freshness::tests::intent_rejects_zero_unknown_and_discontinuous_fields ... ok
test persistent_freshness::tests::state_and_intent_have_stable_canonical_shapes ... ok
test persistent_freshness::tests::unknown_fields_counts_and_generations_fail_closed ... ok
test production_kir_to_llvm_replay_v1::tests::generic_receipts_independently_replay_exact_target_kir_and_llvm ... ok
test production_kir_to_llvm_replay_v1::tests::legacy_association_payload_is_not_misreported_as_replay_evidence ... ok
test production_kir_to_llvm_replay_v1::tests::valid_receipts_from_different_compilations_cannot_be_spliced ... ok
test retained_functional_refinement_runtime_v1::linux::functional_refinement_process_tree_v1::tests::additional_descendant_is_rejected ... ok
test retained_functional_refinement_runtime_v1::linux::functional_refinement_process_tree_v1::tests::clone_untraced_escape_flag_fails_closed ... ok
test retained_functional_refinement_runtime_v1::linux::functional_refinement_process_tree_v1::tests::controller_security_preflight_accepts_the_test_host ... ok
test retained_functional_refinement_runtime_v1::linux::functional_refinement_process_tree_v1::tests::deadline_kills_and_reaps_the_solver_descendant ... ok
test retained_functional_refinement_runtime_v1::linux::functional_refinement_process_tree_v1::tests::executable_mapping_admission_accepts_an_exact_host_closure ... ok
test retained_functional_refinement_runtime_v1::linux::functional_refinement_process_tree_v1::tests::executable_mapping_admission_rejects_non_executable_elf_ranges ... ok
test retained_functional_refinement_runtime_v1::linux::functional_refinement_process_tree_v1::tests::filter_denies_every_escape_and_keeps_process_creation_traceable ... ok
test retained_functional_refinement_runtime_v1::linux::functional_refinement_process_tree_v1::tests::limits_cover_cpu_processes_descriptors_and_memory ... ok
test retained_functional_refinement_runtime_v1::linux::functional_refinement_process_tree_v1::tests::pinned_functional_refinement_runtime_executes_a_real_verus_proof ... ignored, requires a complete pinned functional-refinement runtime test closure
test retained_functional_refinement_runtime_v1::linux::functional_refinement_process_tree_v1::tests::sequential_second_descendant_is_rejected ... ok
test retained_functional_refinement_runtime_v1::linux::functional_refinement_process_tree_v1::tests::session_and_process_group_escape_syscalls_fail_closed ... ok
test retained_functional_refinement_runtime_v1::linux::functional_refinement_process_tree_v1::tests::terminal_status_decoder_is_exact ... ok
test retained_functional_refinement_runtime_v1::linux::functional_refinement_process_tree_v1::tests::trace_policy_covers_all_process_creation_and_exit_events ... ok
test retained_functional_refinement_runtime_v1::linux::functional_refinement_process_tree_v1::tests::transient_unretained_executable_mapping_is_rejected ... ok
test retained_functional_refinement_runtime_v1::linux::functional_refinement_process_tree_v1::tests::tree_poll_interval_backs_off_caps_and_resets_after_progress ... ok
test retained_functional_refinement_runtime_v1::linux::functional_refinement_process_tree_v1::tests::unexpected_inherited_descriptor_is_rejected ... ok
test retained_functional_refinement_runtime_v1::linux::functional_refinement_process_tree_v1::tests::verifier_cannot_leak_a_new_descriptor_to_z3 ... ok
test retained_functional_refinement_runtime_v1::linux::functional_refinement_process_tree_v1::tests::wrong_solver_exec_is_rejected ... ok
test retained_functional_refinement_runtime_v1::linux::tests::digest_and_hardlink_substitutions_are_rejected ... ok
test retained_functional_refinement_runtime_v1::linux::tests::exact_synthetic_closure_is_retained_and_revalidated ... ok
test retained_functional_refinement_runtime_v1::linux::tests::expected_leaf_symlink_is_rejected ... ok
test retained_functional_refinement_runtime_v1::linux::tests::extra_and_missing_entries_are_rejected ... ok
test retained_functional_refinement_runtime_v1::linux::tests::generated_proof_source_is_exactly_sealed_and_immutable ... ok
test retained_functional_refinement_runtime_v1::linux::tests::object_snapshots_cover_owner_group_links_and_nanosecond_times ... ok
test retained_functional_refinement_runtime_v1::linux::tests::persistent_and_transient_content_mutation_revoke_the_lease ... ok
test retained_functional_refinement_runtime_v1::linux::tests::repeated_parallel_setup_is_clean_and_post_lease_same_byte_writes_are_recorded ... ok
test retained_functional_refinement_runtime_v1::linux::tests::root_symlink_is_rejected_without_following_it ... ok
test retained_functional_refinement_runtime_v1::linux::tests::same_bytes_leaf_replacement_and_root_replacement_revoke_the_lease ... ok
test retained_functional_refinement_runtime_v1::tests::manifest_has_no_workload_proof_inventory ... ok
test retained_functional_refinement_runtime_v1::tests::runtime_root_requires_one_canonical_opt_version ... ok

test result: ok. 110 passed; 0 failed; 12 ignored; 0 measured; 0 filtered out; finished in 8.23s

2.0G	/dev/shm/fe2o3-safe-launch230-20260917-QBQoVnWw
